Orientation,Slice1,Slice2,Slice3,Slice4,Slice5,Slice6,Slice7,Slice8,Slice9,Slice10,Slice11,Slice12,Slice13,Slice14,Slice15,Slice16,Slice17,Slice18,Slice19,Slice20,Slice21,Slice22,Slice23,Slice24,Slice25,Slice26,Slice27,Slice28,Slice29,Slice30,Slice31,Slice32,Slice33,Slice34,Slice35,Slice36,Slice37,Slice38,Slice39,Slice40,Slice41,Slice42,Slice43,Slice44,Slice45,Slice46,Slice47,Slice48,Slice49,Slice50,Slice51,Slice52,Slice53,Slice54,Slice55,Slice56,Slice57,Slice58,Slice59,Slice60,Slice61,Slice62,Slice63,Slice64,Slice65,Slice66,Slice67,Slice68,Slice69,Slice70,Slice71,Slice72,Slice73,Slice74,Slice75,Slice76,Slice77,Slice78,Slice79,Slice80,Slice81,Slice82,Slice83,Slice84,Slice85,Slice86,Slice87,Slice88,Slice89,Slice90,Slice91,Slice92,Slice93,Slice94,Slice95,Slice96,Slice97,Slice98,Slice99,Slice100,Slice101,Slice102,Slice103,Slice104,Slice105,Slice106,Slice107,Slice108,Slice109,Slice110,Slice111,Slice112,Slice113,Slice114,Slice115,Slice116,Slice117,Slice118,Slice119,Slice120,Slice121,Slice122,Slice123,Slice124,Slice125,Slice126,Slice127,Slice128,Slice129,Slice130,Slice131,Slice132
-89.500,4,0,4,29,47,45,10,8,6,14,25,2,15,5,23,7,1,2,13,10,0,21,0,3,17,6,14,7,3,0,5,9,0,0,1,16,2,3,2,0,0,0,0,8,1,17,4,1,30,32,10,2,0,2,6,0,48,0,19,2,11,15,3,31,6,16,13,0,0,9,2,26,8,5,11,0,15,2,1,54,6,8,3,18,18,22,24,2,8,7,4,31,4,9,47,6,5,0,0,18,0,1,1,1,5,0,0,0,0,0,2,0,0,0,38,0,1,0,1,0,72,0,0,7,0,0,8,0,5,0,2,0
-88.500,7,0,6,41,37,20,8,9,10,12,34,2,25,9,32,9,2,7,16,6,0,26,0,1,50,5,27,7,8,0,3,9,0,0,0,14,0,4,5,0,0,0,0,3,0,20,1,5,16,28,8,4,0,0,7,0,60,0,15,1,10,12,4,29,5,8,37,0,2,16,2,29,5,14,15,0,11,7,1,48,4,13,4,2,14,35,28,4,5,8,8,49,3,9,57,5,6,0,0,10,1,6,1,4,0,0,0,0,0,1,4,0,0,0,25,0,1,0,1,0,85,0,0,2,0,0,17,0,3,0,1,0
-87.500,11,0,4,46,37,5,5,8,12,18,50,1,16,6,25,7,2,3,20,10,0,68,0,4,48,6,23,7,6,0,2,12,0,12,0,14,0,2,6,0,0,0,0,6,0,14,2,5,19,19,10,5,0,3,5,0,72,0,15,0,14,17,1,17,4,12,21,0,1,7,2,89,8,4,11,13,11,3,5,33,5,4,3,2,20,26,23,2,8,8,2,37,7,13,57,7,6,0,0,11,4,15,2,1,4,0,0,0,0,1,6,0,0,0,27,0,0,0,1,0,31,0,0,3,0,0,19,0,4,0,3,0
-86.500,11,0,4,32,51,5,3,11,4,16,47,1,22,6,40,10,1,12,18,7,0,86,0,1,30,5,28,10,8,0,4,9,0,14,4,10,1,4,4,1,0,0,0,4,0,25,4,2,13,18,12,3,0,2,6,0,87,0,23,4,11,16,0,7,6,12,30,0,3,14,4,243,2,15,16,23,13,6,2,43,5,11,6,0,18,36,15,4,12,6,4,28,3,11,59,15,8,0,0,11,8,5,1,2,0,0,0,0,0,1,2,0,0,0,26,0,0,0,1,0,24,0,0,4,0,0,14,0,1,0,4,0
-85.500,11,0,4,57,39,5,5,11,12,29,35,2,19,7,47,9,1,30,17,14,0,13,1,5,23,7,32,10,8,0,1,5,0,14,4,6,0,4,7,6,0,0,0,2,4,24,3,1,11,13,12,7,0,1,0,0,63,0,21,2,14,16,0,8,5,22,23,0,2,8,2,261,6,10,16,23,10,7,0,41,4,6,4,0,26,30,8,4,16,7,4,26,7,14,79,6,4,0,0,13,23,1,0,4,3,0,0,0,0,2,3,0,0,0,30,0,0,0,0,0,19,0,0,2,0,0,13,0,2,0,2,0
-84.500,21,0,4,50,55,0,3,14,10,27,31,0,22,10,41,10,3,28,31,16,0,12,2,5,25,5,39,25,6,0,2,13,0,17,1,10,0,6,30,6,0,0,0,5,1,20,1,5,7,13,13,6,0,1,0,0,59,0,22,3,17,15,4,9,2,11,33,0,1,12,1,187,3,13,18,15,6,22,0,45,3,8,3,0,46,38,21,1,14,7,2,19,3,8,114,5,8,0,0,5,20,2,0,2,0,0,0,0,0,2,4,0,0,0,33,0,0,0,3,0,22,0,0,2,0,0,10,0,2,14,1,1
-83.500,21,0,3,54,55,1,3,15,7,29,33,1,26,5,38,11,1,34,20,22,0,11,1,2,23,7,63,44,11,4,4,10,0,11,1,8,0,3,54,12,0,0,0,5,0,23,2,2,0,13,12,7,0,3,0,0,43,0,21,2,13,15,3,6,8,16,24,0,2,8,4,120,4,14,21,20,7,32,8,33,3,8,3,0,44,47,11,6,27,9,3,17,3,8,67,5,5,0,0,12,11,1,0,6,2,0,0,0,0,4,5,0,0,0,65,0,0,0,1,0,27,0,0,2,0,0,14,0,0,7,1,0
-82.500,37,0,3,69,68,2,5,15,11,20,33,2,27,4,42,13,1,34,31,34,0,13,1,5,22,6,97,35,9,10,1,5,0,21,1,12,0,6,29,10,0,0,0,6,0,30,4,3,15,12,13,7,0,2,0,0,42,0,18,2,18,17,2,8,8,13,24,0,0,11,6,95,5,15,24,18,10,20,0,36,3,4,6,0,26,51,12,28,24,5,1,26,8,11,38,1,9,0,0,6,8,2,0,20,0,0,0,0,0,1,1,3,0,0,72,0,0,0,1,0,40,0,0,1,0,0,11,0,0,7,1,0
-81.500,59,0,2,82,73,0,1,25,11,34,23,0,27,5,39,2,1,34,33,30,0,21,0,3,17,9,57,27,10,7,2,9,0,17,0,8,0,6,23,7,0,0,3,4,1,15,2,4,13,12,13,7,0,1,0,0,44,0,20,4,11,16,0,5,5,19,40,0,5,12,2,106,1,21,16,15,10,19,0,41,3,6,3,0,37,37,11,48,38,7,2,20,3,8,55,4,6,0,0,9,7,1,0,23,0,0,0,0,0,4,3,2,0,0,105,0,0,0,3,0,47,0,0,1,0,0,9,2,0,5,6,0
-80.500,6,0,2,67,90,0,3,21,10,30,24,0,28,11,41,4,2,37,43,20,0,18,1,7,25,10,54,22,9,8,3,11,0,22,10,5,1,4,20,11,0,0,11,5,5,13,3,4,15,14,12,7,0,3,0,0,27,0,30,3,9,18,0,7,4,44,33,0,2,9,7,95,6,31,29,18,5,14,0,50,3,4,3,0,42,39,11,28,38,6,1,20,2,16,30,2,4,0,0,8,7,2,0,18,0,0,0,0,0,3,6,5,0,0,92,0,4,0,1,0,28,0,0,0,0,0,12,6,0,4,2,2
-79.500,6,0,3,68,89,0,3,33,12,30,34,0,27,4,44,3,1,32,59,25,0,18,2,5,14,7,45,22,10,7,2,10,0,13,3,7,0,9,14,17,0,0,11,7,3,11,6,3,25,16,21,8,0,4,0,0,22,0,37,7,9,17,5,1,9,57,36,0,1,7,19,81,3,31,22,17,13,12,8,55,4,7,7,0,61,34,13,15,31,4,1,18,8,7,29,1,6,0,0,7,5,0,0,19,0,0,0,0,0,3,2,9,0,0,45,0,5,0,2,0,18,0,0,0,0,0,8,13,0,4,2,1
-78.500,7,0,2,60,117,0,0,31,10,41,21,0,25,6,48,4,1,39,71,25,0,15,2,6,25,8,50,27,14,9,4,4,0,14,1,3,0,10,17,23,0,0,10,14,4,11,5,3,24,18,28,8,0,2,0,0,16,0,50,2,4,18,2,9,14,43,35,0,3,8,31,60,5,19,32,17,3,14,0,54,3,10,5,0,53,28,19,17,27,6,4,20,2,6,24,4,10,0,0,7,5,2,0,7,0,0,0,0,0,3,2,12,0,0,22,2,0,0,6,0,19,0,0,0,0,0,17,13,0,4,2,1
-77.500,7,0,1,57,158,0,50,33,11,41,30,0,29,4,54,3,2,39,67,35,2,17,0,8,27,12,42,21,16,6,7,12,0,11,1,14,1,10,11,33,0,0,12,11,8,14,5,3,21,10,68,6,0,5,0,0,20,0,27,6,5,18,2,8,15,41,47,0,4,11,38,59,6,21,36,18,4,22,0,78,5,9,9,0,43,34,15,12,36,7,3,10,3,12,15,0,9,0,0,6,7,3,0,20,0,0,0,0,0,3,5,6,0,0,22,1,0,0,2,0,13,0,0,0,0,0,8,12,0,2,2,2
-76.500,7,0,1,70,61,0,49,20,10,41,30,0,31,6,106,2,2,35,63,36,17,15,3,5,26,15,43,24,13,12,4,9,0,14,5,7,0,17,14,12,0,0,7,16,14,13,10,6,15,10,37,9,0,3,0,0,16,0,27,7,5,22,2,2,30,33,51,0,3,7,30,41,2,15,54,19,16,37,4,90,6,16,10,0,32,34,14,13,25,6,5,10,3,7,13,2,6,0,0,7,24,4,0,8,0,0,0,0,0,5,3,6,0,0,29,4,0,0,2,0,11,0,0,0,0,0,13,16,0,5,1,1
-75.500,8,0,0,110,40,0,43,25,16,46,14,0,38,11,146,6,1,45,71,39,13,18,4,10,32,13,37,25,20,8,9,7,0,12,9,7,2,17,12,7,0,0,10,10,4,14,7,4,14,6,13,8,5,4,0,0,22,0,25,6,4,27,4,7,11,32,51,0,2,4,28,46,3,17,59,19,4,17,2,49,5,21,6,0,34,31,26,11,31,2,6,13,4,15,12,4,12,0,0,7,23,2,0,19,0,0,0,0,0,4,2,5,0,0,19,1,0,0,3,0,12,0,0,3,17,0,12,30,0,2,5,0
-74.500,7,0,0,108,35,0,36,19,12,53,23,0,100,4,116,5,0,48,61,10,12,24,1,9,41,19,62,27,26,11,6,10,0,14,4,6,0,25,11,0,0,0,9,18,5,12,10,4,20,2,4,5,7,6,0,0,20,0,10,6,5,4,2,6,8,15,35,0,5,6,52,36,3,12,54,16,5,4,2,50,7,54,14,0,32,38,28,10,26,8,4,9,3,9,10,1,8,0,0,5,15,5,0,10,0,0,0,0,0,6,3,5,0,0,20,4,0,0,2,0,16,0,0,5,18,0,13,24,0,4,6,3
-73.500,11,0,0,85,42,0,27,20,26,49,34,0,80,3,111,3,4,49,57,8,13,38,3,11,50,59,32,27,24,11,10,13,0,13,5,9,1,31,10,0,0,0,9,21,1,20,8,6,21,3,28,8,13,8,0,0,25,0,6,9,2,0,2,8,11,10,40,0,3,5,58,34,2,17,25,24,6,3,2,47,9,49,6,0,33,29,25,19,28,5,4,12,5,7,12,1,14,8,0,7,14,8,0,14,0,0,0,0,1,5,4,6,0,2,14,5,0,0,0,0,16,2,0,0,14,0,14,14,0,3,1,1
-72.500,7,0,0,59,44,0,20,15,41,45,35,0,63,5,90,8,1,60,57,3,7,48,4,11,64,44,46,32,48,10,10,7,0,18,6,11,1,52,8,0,0,0,9,0,4,13,15,6,27,3,31,8,20,13,0,0,19,0,6,9,4,0,5,7,7,20,17,0,4,6,56,33,3,13,28,18,7,1,3,49,26,38,13,0,25,25,18,13,26,7,8,8,0,14,15,2,11,18,0,5,13,7,0,20,0,0,0,0,2,6,4,4,0,4,16,5,0,4,3,0,10,2,0,6,13,0,13,22,0,4,17,4
-71.500,13,0,0,49,38,0,20,14,25,44,27,0,64,8,63,6,1,69,36,7,11,46,4,12,109,46,47,28,33,9,14,10,0,16,14,8,0,37,9,0,0,0,8,2,3,11,14,7,26,4,31,5,34,10,0,0,24,0,2,8,4,0,3,9,7,9,14,0,7,9,38,33,1,13,19,17,6,0,1,45,18,33,12,0,28,19,13,7,23,8,6,15,4,8,13,3,14,20,0,8,12,8,0,17,0,15,0,0,3,5,3,4,0,5,18,9,0,2,1,0,0,3,0,0,14,0,8,17,0,3,17,1
-70.500,12,7,0,40,50,0,19,15,29,35,35,0,72,7,47,6,3,54,40,3,9,53,6,16,98,33,44,34,29,12,24,10,0,15,10,11,1,36,10,0,1,0,12,2,5,18,19,10,27,3,32,6,38,9,0,0,25,0,6,11,3,0,2,6,10,15,14,0,6,6,24,30,1,14,23,27,10,0,1,68,26,32,14,0,27,23,19,9,21,5,7,7,3,11,15,2,17,20,0,5,15,4,0,18,0,34,0,0,4,6,6,4,0,3,13,9,0,3,1,0,0,2,0,7,17,0,0,10,0,4,17,4
-69.500,11,18,0,45,45,0,20,11,23,40,32,2,92,5,41,10,3,41,26,4,13,77,6,22,83,30,62,30,35,15,24,12,0,26,8,9,2,30,8,0,4,0,11,4,1,15,20,8,13,2,23,5,68,14,0,0,22,0,6,27,2,0,7,12,10,9,30,0,12,13,29,31,2,2,27,21,5,0,5,65,73,33,15,0,25,15,23,26,25,8,8,15,5,8,18,2,13,18,0,7,14,7,0,36,0,39,0,0,5,3,4,4,0,4,17,12,0,3,2,0,0,3,0,0,12,0,0,24,0,3,19,3
-68.500,16,11,0,43,56,0,23,14,20,40,25,1,66,10,30,7,1,41,24,4,9,61,7,23,91,26,46,36,30,13,19,10,5,29,19,14,1,26,7,0,5,0,5,3,8,18,24,4,0,2,35,4,48,13,0,0,24,0,19,32,4,0,8,11,14,18,10,0,22,21,29,26,2,4,24,25,5,0,2,63,119,39,13,0,27,20,26,3,21,8,8,10,1,13,15,4,20,24,0,4,13,4,0,30,0,61,0,0,5,9,6,3,0,6,16,13,0,6,0,0,0,2,0,9,14,0,0,12,0,4,19,4
-67.500,24,20,0,54,60,0,17,12,22,39,29,0,53,8,32,9,3,28,28,4,16,52,14,29,97,32,45,33,32,18,23,19,24,27,12,11,2,26,8,0,7,0,16,2,2,18,40,4,0,4,35,7,48,0,0,0,20,0,23,38,3,0,8,11,16,17,18,0,38,26,27,26,1,18,20,16,8,0,1,75,98,32,14,0,23,22,41,20,38,7,10,14,0,12,33,3,28,28,0,7,14,8,0,23,0,56,0,0,7,7,5,4,0,8,17,10,0,3,1,0,0,6,0,0,28,0,0,21,0,4,18,7
-66.500,74,20,0,45,81,0,20,11,18,64,25,3,51,6,21,11,2,28,26,3,13,53,9,37,90,26,38,41,31,15,20,10,28,25,12,10,5,24,9,0,30,0,12,6,7,13,41,8,0,0,39,4,1,0,0,0,16,0,26,37,2,0,8,15,17,23,14,0,25,40,29,31,0,80,39,24,4,0,4,88,94,35,13,0,22,24,41,13,19,10,11,15,7,9,17,2,23,46,0,4,17,8,0,26,0,42,0,0,7,2,8,2,0,7,18,18,0,12,2,0,0,6,0,8,33,0,0,20,0,6,16,10
-65.500,65,23,0,43,129,0,19,13,25,104,31,1,57,4,19,14,2,18,15,3,12,54,17,63,59,21,36,33,25,25,19,14,26,20,24,20,5,29,14,0,42,0,11,4,5,20,54,7,0,2,51,3,0,0,0,0,21,0,19,73,2,0,12,17,38,9,27,0,27,52,30,24,0,104,26,18,7,0,3,15,85,40,14,0,21,20,36,18,3,13,10,14,9,16,21,6,20,51,0,10,14,29,0,28,0,40,3,0,12,6,10,6,0,6,24,16,0,19,1,0,0,4,0,2,23,0,0,19,0,4,22,5
-64.500,56,19,0,39,101,0,24,11,18,88,16,2,51,11,15,15,5,13,25,3,45,55,32,86,31,23,37,42,29,19,24,21,31,20,21,15,12,27,47,1,40,0,13,7,28,23,61,5,0,6,38,4,0,0,0,0,18,0,26,135,6,0,17,22,28,13,9,0,21,74,29,32,4,88,27,17,8,0,2,11,86,32,12,0,16,20,35,27,7,9,12,11,6,16,11,3,32,71,0,6,13,37,0,28,0,37,1,0,8,12,7,0,0,8,30,23,0,21,1,0,0,8,0,3,29,0,0,27,0,7,27,4
-63.500,60,23,0,46,77,0,25,24,19,38,23,4,54,15,15,18,3,17,18,2,44,51,37,88,29,21,44,45,28,24,22,17,35,14,29,27,32,40,30,2,34,0,17,7,36,19,51,8,0,0,35,8,0,0,0,0,18,0,21,150,2,0,23,28,25,0,16,2,21,49,38,25,7,82,37,19,4,1,4,14,86,41,11,0,20,20,37,42,5,17,12,18,4,17,14,6,20,83,0,9,14,40,0,20,0,40,8,0,16,1,11,0,0,9,55,28,0,33,2,0,4,4,1,8,25,0,0,32,0,13,22,4
-62.500,90,29,0,57,69,0,21,19,27,42,16,3,67,7,9,17,4,15,18,1,64,55,45,62,30,24,46,41,23,26,26,27,38,17,23,49,51,26,25,5,38,0,16,11,35,22,54,12,0,2,34,4,0,0,0,0,21,0,20,72,4,0,23,28,24,0,27,7,16,38,40,32,9,83,36,20,3,0,1,4,71,40,8,0,17,16,82,37,2,16,14,16,6,22,9,5,28,72,0,2,19,48,0,28,0,30,10,0,28,9,13,19,0,10,38,27,0,32,0,0,13,7,2,1,20,0,0,44,2,17,25,6
-61.500,69,33,0,45,56,0,25,19,23,27,19,3,89,26,9,29,3,14,21,1,69,49,41,51,37,30,45,40,25,39,23,26,43,13,22,33,37,35,16,5,37,0,24,11,36,31,56,13,0,4,36,4,0,0,0,0,19,0,20,58,4,0,24,34,19,0,16,18,17,38,45,32,15,86,28,20,11,1,2,6,70,47,8,0,8,18,45,34,3,21,11,25,9,27,14,10,40,64,0,4,19,56,0,27,0,43,7,0,37,10,13,10,0,10,33,25,0,32,1,0,8,8,3,10,49,0,0,39,0,24,31,2
-60.500,73,43,0,41,54,0,21,15,23,36,25,5,78,29,16,30,8,16,10,1,119,56,44,35,5,20,5,46,23,44,30,33,41,17,74,22,28,33,12,7,46,0,27,20,40,26,56,21,0,2,28,3,1,0,0,0,18,0,17,61,3,0,31,31,21,0,18,23,13,32,61,45,18,100,40,24,7,4,5,6,66,43,6,0,10,16,20,29,3,28,16,13,17,28,13,4,39,62,0,4,21,53,0,33,2,46,13,0,32,6,21,10,0,9,36,37,0,26,1,5,14,8,3,3,62,0,0,48,3,30,32,3
-59.500,78,58,0,18,41,0,25,15,28,34,19,5,52,32,1,35,5,21,14,0,116,47,50,19,0,28,4,51,24,87,30,62,40,16,84,28,18,31,16,12,52,0,22,27,40,41,68,28,0,4,29,8,3,0,0,0,22,0,19,56,8,0,23,37,12,0,42,27,10,33,138,32,27,31,46,22,2,1,2,7,82,57,5,0,13,17,9,25,0,35,17,19,6,30,8,14,28,71,0,2,22,56,0,34,6,57,17,0,15,7,20,18,0,13,38,41,0,24,2,3,22,10,6,11,83,0,1,48,3,42,46,3
-58.500,72,60,0,4,54,0,23,7,30,34,26,12,49,50,4,41,8,24,21,0,94,51,53,20,0,32,3,53,28,100,33,96,69,18,87,27,15,38,9,8,67,0,23,28,49,38,75,8,0,2,37,6,2,0,0,1,21,0,17,71,7,0,24,35,20,0,9,34,10,32,126,56,17,29,40,31,10,3,3,4,85,53,0,0,5,16,14,32,2,57,19,16,8,40,16,13,21,91,0,4,30,51,0,35,8,36,20,0,16,12,21,15,0,11,30,51,0,19,0,5,29,12,6,9,56,0,1,48,2,72,50,2
-57.500,86,68,0,4,35,0,18,16,45,29,26,29,60,31,10,53,8,22,13,0,100,49,82,20,0,26,6,62,20,143,35,69,87,17,33,21,11,65,14,16,43,0,31,30,49,52,55,17,0,3,28,4,5,0,0,2,24,0,25,75,9,0,22,35,22,0,21,39,8,27,130,83,11,26,43,24,5,4,3,1,87,52,0,0,10,20,6,31,0,37,29,19,9,14,14,17,24,78,0,1,35,52,0,17,8,21,37,0,17,7,11,6,0,12,44,90,0,24,1,5,36,12,6,7,59,0,1,59,3,56,39,5
-56.500,84,79,0,5,26,1,20,13,49,35,21,27,70,26,4,44,8,20,8,0,113,46,68,23,0,34,3,50,30,79,41,64,57,20,29,21,7,67,10,17,35,0,29,30,54,32,38,11,0,2,31,6,2,1,0,1,25,0,17,86,12,0,23,29,15,0,27,49,4,36,95,77,8,24,60,22,5,4,4,2,65,48,4,0,8,19,14,56,0,45,30,20,12,0,17,20,15,60,0,4,44,53,0,15,10,17,29,0,23,11,18,11,0,12,46,148,0,8,2,6,40,12,6,11,60,0,1,63,11,48,47,1
-55.500,108,84,0,3,30,3,20,11,40,42,38,18,16,27,5,49,9,12,8,0,90,44,57,98,0,33,3,61,25,51,64,61,53,26,23,26,12,56,13,25,30,0,36,41,57,31,37,11,0,6,31,7,7,17,2,4,11,0,28,65,17,2,26,31,21,0,13,48,6,32,51,32,9,25,70,20,11,5,1,2,47,31,0,0,1,19,5,67,0,25,42,21,21,0,19,28,20,58,0,0,55,55,0,16,16,24,22,0,34,10,11,23,0,13,13,126,0,21,0,9,57,17,8,17,59,0,1,47,20,46,50,3
-54.500,81,77,0,5,21,5,19,14,36,52,30,22,17,24,7,39,41,10,6,0,75,36,52,131,0,42,3,68,28,43,44,70,50,26,24,26,11,72,11,39,17,0,36,52,56,21,15,11,0,27,48,5,5,15,6,2,25,0,30,78,13,1,34,26,25,0,30,60,4,38,47,35,3,25,158,17,5,8,5,3,28,44,0,0,3,11,16,66,0,10,46,26,14,0,15,44,18,53,0,3,77,57,0,12,10,20,25,2,52,16,16,9,0,23,5,82,0,11,0,10,34,17,11,27,56,0,2,38,23,37,59,3
-53.500,80,95,0,4,22,25,16,17,42,46,52,22,21,31,9,44,49,13,9,0,77,38,48,88,0,38,5,86,30,44,46,59,46,39,23,37,14,56,13,33,28,0,37,74,67,29,24,16,0,33,50,5,10,17,7,5,19,0,36,60,19,3,54,22,18,0,16,62,4,49,28,23,6,20,117,14,5,9,4,0,23,29,0,0,3,8,8,77,0,11,56,28,20,0,19,106,21,59,0,1,63,56,0,19,14,21,23,3,57,14,9,11,0,35,21,85,0,14,3,8,26,68,8,35,54,0,0,48,40,38,51,2
-52.500,71,87,7,4,26,39,24,18,34,49,50,21,21,32,6,39,58,9,9,0,72,38,44,60,0,54,3,109,29,50,50,76,58,44,22,31,14,72,23,65,17,3,41,51,61,14,11,24,0,29,51,12,11,20,7,3,22,0,56,69,20,4,62,28,21,0,18,93,2,58,19,19,5,23,110,11,12,11,1,0,21,43,4,0,0,14,18,108,0,13,69,27,29,0,24,62,36,53,0,3,62,74,0,20,17,24,26,13,78,52,16,15,0,25,10,77,3,16,0,13,26,87,10,36,59,0,1,44,43,22,51,6
-51.500,75,78,6,0,27,38,17,23,40,50,56,22,22,32,7,45,38,9,7,0,76,32,42,58,0,50,3,152,39,62,36,72,81,36,30,37,18,85,28,64,18,8,44,37,58,18,18,23,0,32,58,7,29,18,11,6,27,0,52,68,17,2,59,21,19,0,21,120,2,24,22,19,2,21,100,14,6,8,5,0,21,45,2,0,0,9,19,168,0,9,98,20,38,0,22,9,19,79,0,1,59,98,0,19,14,22,33,17,86,67,12,19,0,29,16,79,3,15,2,16,19,132,13,51,35,0,1,41,52,0,54,4
-50.500,76,93,9,0,25,46,22,27,33,47,59,19,32,44,7,44,20,8,7,8,74,31,54,73,0,47,4,89,32,89,41,77,63,39,19,45,19,52,61,49,14,0,51,37,60,23,13,23,0,29,46,8,60,18,18,7,33,0,30,70,2,5,67,24,20,0,11,112,6,13,19,20,2,24,117,17,9,7,5,2,22,44,0,0,0,15,15,69,0,10,116,21,37,0,24,5,13,66,0,3,71,109,0,35,14,24,24,21,47,48,22,17,0,23,14,58,3,14,1,17,22,153,9,53,26,0,2,41,61,0,117,7
-49.500,71,113,15,0,26,68,21,40,44,43,62,59,59,58,11,43,31,7,10,7,57,29,65,57,0,40,2,98,47,117,28,164,46,42,30,45,30,29,99,52,10,9,60,22,62,12,18,15,0,32,57,11,21,19,25,5,51,0,22,85,0,5,93,16,18,0,19,91,7,14,26,20,3,24,120,28,9,3,2,3,21,75,5,0,0,12,17,48,0,8,127,20,28,0,24,0,9,22,0,2,52,139,0,48,20,36,25,24,36,49,16,15,0,32,13,67,6,17,2,52,17,128,16,45,34,4,2,38,96,0,99,5
-48.500,71,113,21,0,33,75,23,52,26,44,61,62,37,86,7,43,29,6,9,4,52,33,76,59,0,59,3,108,48,209,36,143,45,41,38,44,5,26,113,48,13,2,70,29,64,15,10,15,0,18,63,11,13,24,28,11,98,0,16,99,3,3,99,1,25,5,19,78,10,16,22,17,1,25,93,29,9,6,3,0,19,12,3,0,0,18,17,53,0,11,100,16,21,0,25,0,13,14,3,2,52,117,0,113,21,34,30,33,30,48,20,29,0,31,17,51,6,14,1,36,19,107,13,43,34,7,1,37,106,0,108,12
-47.500,63,60,24,0,24,96,28,83,4,40,67,53,15,62,13,43,33,4,8,5,43,27,91,66,0,67,1,110,54,278,32,128,26,40,45,40,7,25,104,47,7,10,61,25,90,13,18,11,2,16,64,13,11,30,16,15,61,45,20,135,0,7,91,0,19,4,17,73,23,16,24,19,2,24,31,29,10,6,6,0,23,7,5,0,0,18,14,43,0,5,81,13,30,0,24,0,7,16,12,10,43,95,0,21,14,28,30,36,26,68,24,31,4,20,16,50,5,20,4,30,22,101,25,48,33,11,2,42,107,0,117,5
-46.500,76,54,29,0,39,99,25,116,26,38,62,56,11,53,10,45,32,4,12,7,32,30,86,52,0,77,1,71,47,194,28,99,46,38,63,48,10,20,122,42,17,2,68,36,255,13,13,9,2,18,38,14,9,32,15,19,37,95,17,69,4,8,92,0,22,11,17,53,66,18,27,15,3,23,20,31,11,9,2,1,29,8,8,0,0,19,29,63,0,10,72,15,42,0,26,0,12,21,10,20,37,92,0,14,16,28,26,32,21,65,25,20,6,36,9,55,9,15,6,25,14,84,23,46,37,27,2,46,84,0,98,17
-45.500,66,30,46,0,38,97,25,80,9,35,82,56,12,54,17,46,45,4,8,7,28,25,87,37,0,96,0,75,66,149,28,74,30,34,25,27,9,19,106,43,24,10,55,35,169,14,15,4,3,17,59,18,6,39,11,25,57,58,14,64,2,7,25,0,29,18,14,53,86,17,27,17,29,18,17,45,10,3,6,2,36,11,6,0,0,48,28,46,0,8,68,12,53,0,23,0,7,22,16,28,32,86,0,29,16,34,29,25,21,55,31,25,7,36,22,62,8,21,5,20,26,104,29,61,46,35,0,54,67,0,86,10
-44.500,57,38,51,0,38,92,42,129,19,36,77,48,8,57,12,48,46,2,11,20,28,42,79,41,0,109,0,40,72,111,48,54,38,35,0,28,11,18,57,45,29,3,54,32,141,13,14,9,8,21,66,24,6,58,22,45,38,61,15,59,2,7,17,0,35,23,16,39,107,26,30,11,25,19,14,32,6,7,5,2,37,20,11,0,0,46,0,82,0,8,55,12,33,0,25,0,10,37,17,28,24,92,3,43,14,46,22,24,19,39,36,31,15,38,11,52,10,21,4,21,22,84,55,65,54,47,2,54,76,0,81,15
-43.500,41,29,37,0,49,89,44,131,21,31,116,50,8,51,19,41,71,6,9,19,27,36,65,38,0,59,0,33,73,94,33,50,24,33,0,26,14,24,27,47,45,10,48,11,124,12,17,7,6,19,59,27,5,99,13,108,24,37,15,50,2,8,12,0,50,1,14,31,37,28,29,26,28,15,6,20,7,3,5,1,34,16,13,0,0,59,0,111,0,10,39,17,34,0,25,0,8,31,25,17,26,146,5,45,14,41,28,36,21,43,43,20,42,36,24,47,10,19,7,21,27,62,41,101,71,79,1,42,67,0,74,22
-42.500,40,24,38,0,63,76,149,81,25,28,75,55,11,49,21,47,63,2,22,0,19,11,50,49,0,57,0,22,82,94,29,50,35,48,0,27,15,18,22,43,64,6,52,7,95,10,21,3,13,22,12,61,5,63,12,20,18,27,13,47,2,10,16,0,50,0,15,37,37,32,25,23,32,12,7,12,3,6,2,1,36,6,17,1,0,50,0,60,0,4,29,3,31,0,21,0,11,40,47,15,19,160,7,103,15,69,25,33,23,29,35,17,88,48,12,39,15,23,11,32,22,83,49,82,91,95,2,44,54,0,80,23
-41.500,28,25,27,3,50,56,171,68,33,31,92,54,3,65,26,43,85,2,23,0,21,11,50,66,0,41,0,27,101,102,22,51,22,65,0,16,11,18,18,37,48,10,49,16,94,12,24,10,10,24,8,43,4,58,10,15,16,26,13,31,2,10,13,0,70,0,16,36,42,39,21,33,23,12,5,14,2,4,9,2,39,7,26,0,0,51,0,51,0,11,12,7,28,6,16,0,6,38,76,25,21,156,8,80,18,63,25,36,24,37,44,26,187,59,16,43,17,26,11,42,18,87,89,72,36,73,1,46,74,0,76,32
-40.500,30,17,33,0,40,52,124,62,60,30,77,84,11,56,29,51,91,5,32,0,24,9,36,35,0,37,0,9,115,73,22,50,24,63,0,23,10,22,21,37,27,12,33,2,93,10,18,5,12,26,14,38,4,55,3,15,13,19,9,31,1,14,17,0,97,0,12,27,59,69,19,33,18,11,3,10,2,6,4,2,68,8,32,1,0,58,0,34,0,7,7,15,26,11,10,0,5,30,115,53,17,149,11,49,16,57,29,28,10,35,45,18,225,57,25,46,27,19,17,38,27,108,59,78,30,55,2,40,66,0,58,28
-39.500,27,11,43,1,31,40,141,62,71,25,61,150,2,77,41,58,69,4,48,0,21,8,27,25,0,29,0,16,153,32,23,57,25,50,0,20,14,21,15,34,13,13,22,2,77,9,15,5,15,28,5,30,4,50,6,5,18,16,12,22,1,17,13,0,77,0,14,32,53,55,18,45,14,9,4,12,0,5,4,1,55,11,16,2,0,106,0,26,0,6,9,4,26,38,8,0,12,46,85,83,15,149,10,38,18,46,28,31,9,35,80,25,81,70,12,47,63,17,27,30,16,85,58,56,53,53,1,46,50,0,63,33
-38.500,23,23,52,3,31,41,89,40,49,33,47,185,12,64,45,73,54,5,42,0,27,8,35,19,0,27,0,21,198,34,18,77,27,36,31,26,10,19,10,44,8,13,24,4,65,12,11,3,16,28,8,26,5,47,0,0,14,15,7,17,0,23,14,0,76,0,9,32,55,28,14,43,16,8,1,12,0,4,10,1,40,8,10,3,0,74,0,14,0,9,8,6,29,36,12,0,7,60,82,33,11,110,17,31,24,36,29,27,18,39,56,25,61,68,17,37,42,16,23,28,20,73,85,30,85,63,2,37,51,0,54,38
-37.500,18,9,56,0,34,31,47,29,45,25,45,255,6,82,22,111,58,2,31,0,22,9,26,15,0,27,0,22,138,33,16,64,16,21,27,26,10,23,12,44,5,16,14,6,62,10,16,6,15,31,9,28,1,39,5,0,15,14,8,18,0,14,18,0,71,0,14,31,52,32,18,33,16,8,1,17,0,5,5,4,33,8,6,1,0,57,0,12,0,6,9,13,19,26,9,0,8,88,90,23,14,82,15,28,27,26,31,29,33,40,71,25,47,79,16,50,28,16,19,31,23,69,42,39,77,51,1,26,41,0,49,62
-36.500,70,22,41,2,37,22,42,10,36,33,40,130,7,104,14,105,42,6,33,0,20,10,28,13,0,26,0,18,112,24,18,15,26,15,28,28,10,23,15,51,3,24,12,4,47,8,3,3,20,35,5,35,4,43,1,0,19,11,3,21,0,10,15,0,80,0,4,46,73,32,10,29,10,9,0,19,0,5,6,0,31,4,4,4,0,45,0,3,0,5,9,5,33,32,12,0,6,59,88,23,11,92,16,21,28,26,29,25,61,37,59,28,47,110,10,109,27,19,14,41,19,69,34,53,43,46,2,32,50,0,60,62
-35.500,112,4,17,3,48,25,51,16,38,35,42,85,8,95,6,66,46,3,30,0,17,16,16,13,0,17,0,28,72,27,18,10,31,10,20,33,6,27,7,78,6,28,5,2,31,11,5,4,16,32,8,32,4,35,4,0,21,11,4,22,0,10,17,0,89,0,13,32,56,0,11,37,10,3,0,23,0,5,13,2,24,1,0,2,0,27,0,1,0,12,13,11,30,29,17,6,8,57,73,15,8,103,14,5,37,27,30,28,23,34,78,29,48,84,12,93,28,15,7,56,26,55,17,84,37,45,1,25,47,0,40,66
-34.500,52,10,13,2,36,15,34,6,33,25,25,68,6,89,16,51,25,4,42,0,16,25,7,11,0,13,0,43,68,23,22,8,21,8,16,54,5,20,11,69,4,45,7,6,28,8,2,2,21,33,1,35,1,41,2,0,22,12,2,50,0,9,15,0,94,0,2,24,50,0,17,30,11,7,0,58,0,5,5,2,24,0,0,4,0,43,0,2,0,5,13,11,32,33,21,12,6,54,55,13,14,61,15,12,34,27,34,32,13,39,51,21,57,57,10,58,27,22,24,42,29,58,13,48,26,46,4,26,45,0,33,120
-33.500,68,9,20,2,39,13,23,6,40,20,26,56,10,112,15,27,31,6,41,0,15,26,11,7,0,10,0,38,49,21,21,5,16,5,22,50,7,29,11,54,0,52,5,2,45,7,2,5,13,22,3,35,4,50,2,0,27,10,3,51,0,9,17,0,119,0,9,27,31,0,10,36,7,6,0,46,0,8,11,2,27,0,0,4,0,37,0,2,0,6,24,7,33,26,32,19,7,72,43,10,12,16,12,6,29,22,35,30,10,30,56,24,18,54,11,56,27,25,71,32,40,46,14,22,29,32,20,25,49,0,37,4
-32.500,16,14,17,3,28,14,33,8,25,33,18,39,8,82,11,27,26,7,61,0,15,30,7,0,0,8,0,30,52,19,22,5,5,4,25,29,6,30,10,73,0,20,3,1,42,12,3,6,19,18,5,50,4,51,3,0,27,6,6,27,34,9,15,0,79,0,3,20,18,0,13,40,8,8,0,37,0,7,11,1,23,0,0,6,0,25,0,0,0,9,23,13,34,23,34,27,9,34,43,9,7,6,15,8,30,26,38,31,6,23,44,19,8,39,10,51,33,29,61,38,22,30,11,7,25,30,24,26,28,0,35,4
-31.500,15,31,17,2,6,10,16,4,27,14,21,50,6,80,16,18,26,4,64,0,13,41,11,0,0,7,0,26,50,22,17,6,2,5,54,28,4,34,11,55,0,12,6,2,48,8,2,4,17,10,1,47,4,62,1,0,12,7,15,26,55,6,14,0,63,0,3,18,20,0,21,53,8,4,0,29,0,9,12,3,22,0,0,23,0,21,0,0,0,7,14,9,59,21,27,48,5,11,28,8,13,6,15,4,32,20,77,36,5,29,35,6,3,26,12,39,35,50,67,32,23,23,6,8,25,31,41,30,32,0,35,0
-30.500,2,54,24,3,5,8,23,2,21,6,14,33,13,70,15,18,36,6,67,0,15,46,7,0,0,8,0,31,52,27,22,1,5,4,72,18,5,38,16,63,0,11,3,6,35,9,6,92,8,13,2,22,2,56,3,0,10,5,10,19,46,10,16,0,43,0,4,16,15,0,17,39,5,5,0,22,0,13,18,1,17,0,0,25,0,19,0,0,0,3,1,13,85,14,22,28,9,5,26,7,13,5,28,8,8,23,66,48,5,29,35,5,3,16,5,45,38,31,83,25,16,21,6,2,25,31,21,56,30,0,30,31
-29.500,8,44,23,3,2,10,18,2,17,8,19,26,17,49,23,17,64,5,88,0,11,24,10,0,0,6,0,32,50,26,18,3,2,2,44,27,3,46,16,51,0,4,3,4,21,14,12,72,15,10,3,36,5,55,2,0,10,4,7,36,34,8,13,0,38,0,3,15,15,2,20,30,6,6,0,11,0,11,18,1,27,0,0,25,0,17,0,0,0,12,4,10,45,0,20,12,8,5,26,3,15,6,24,1,1,19,39,51,5,24,34,1,1,15,14,43,28,14,73,24,15,13,6,7,24,34,14,41,27,0,33,65
-28.500,3,41,10,3,3,6,13,42,19,6,22,28,11,29,32,12,71,7,124,0,13,22,9,0,0,2,0,56,15,35,16,1,3,4,27,31,3,68,11,56,0,7,5,2,21,8,8,73,13,6,1,51,4,33,0,0,6,4,5,45,28,7,11,0,32,0,3,12,11,0,20,26,5,6,0,5,0,35,48,4,5,0,0,26,0,17,0,0,0,5,2,13,39,0,15,10,10,2,17,6,12,5,25,9,3,21,22,34,7,23,28,1,2,9,7,45,27,23,71,25,22,9,6,0,25,28,10,27,30,0,32,136
-27.500,6,37,8,6,5,5,13,39,13,5,20,34,9,24,24,13,84,9,36,0,10,19,14,0,0,5,0,0,16,38,20,2,7,2,32,41,3,66,13,64,0,6,5,2,8,9,9,38,14,8,1,88,5,35,2,2,8,5,8,24,24,7,11,0,23,0,2,16,10,4,26,23,4,5,0,2,0,34,48,0,4,0,0,26,0,12,0,0,0,9,4,12,39,0,18,9,11,1,16,2,15,5,19,1,3,24,16,36,9,21,37,0,1,8,8,50,21,67,45,27,29,14,3,9,27,31,13,47,33,0,20,85
-26.500,5,19,4,0,2,7,16,27,14,2,15,16,11,20,20,11,51,4,30,0,11,16,6,0,0,2,0,0,10,31,20,0,3,1,30,42,5,67,18,49,0,5,5,3,6,12,14,24,18,21,2,98,4,39,2,7,4,2,5,17,23,10,11,0,21,0,3,9,20,0,22,20,6,2,0,2,0,21,36,0,1,0,0,26,0,9,0,0,0,16,2,10,50,0,11,9,13,0,14,5,21,3,22,2,5,18,21,36,6,22,36,0,0,2,13,29,20,50,41,21,25,16,4,0,26,44,8,40,32,0,22,48
-25.500,6,15,7,6,3,4,9,22,19,4,16,18,10,13,17,14,49,7,25,0,18,11,6,0,0,4,0,0,10,29,16,0,4,3,26,63,2,38,13,34,0,4,4,3,8,9,18,27,17,53,2,84,7,37,1,10,7,6,4,8,26,8,9,0,30,0,3,17,41,5,18,21,4,4,0,1,0,17,33,2,2,0,0,44,0,15,0,0,0,13,4,7,38,0,21,7,18,0,14,2,30,4,16,8,13,66,21,28,7,8,64,0,0,4,5,7,18,38,36,20,35,14,3,0,24,29,12,55,51,0,16,41
-24.500,3,15,4,0,2,3,16,24,8,2,20,19,9,15,6,7,68,7,31,0,23,13,3,0,0,1,0,0,5,28,17,0,5,2,31,89,5,28,12,33,1,4,8,3,6,9,14,27,19,46,0,25,6,29,0,17,3,2,7,12,22,11,10,0,17,0,2,12,46,3,5,14,2,5,0,0,0,7,22,0,0,0,0,25,0,7,0,0,0,18,2,9,34,0,8,7,26,0,8,4,38,5,29,0,6,64,15,30,12,6,34,0,2,3,19,6,13,28,35,22,17,19,4,8,44,55,5,43,53,0,17,36
-23.500,7,16,5,6,3,7,7,9,12,3,24,21,11,12,6,15,66,10,36,0,15,11,1,0,0,3,0,0,10,25,16,0,6,2,38,46,6,41,13,24,4,5,2,6,4,11,13,21,17,43,0,7,8,20,4,35,3,5,3,5,41,14,9,0,14,0,4,17,29,4,4,20,2,4,0,0,0,10,20,0,0,0,0,20,0,11,0,2,0,31,4,7,44,0,7,6,25,0,13,2,36,4,25,0,5,43,16,29,7,5,28,0,1,1,21,5,18,61,38,15,29,26,3,0,48,82,9,32,52,0,19,30
-22.500,4,12,2,0,4,2,12,17,14,1,28,13,53,12,5,7,73,9,27,0,17,9,0,0,0,1,0,0,7,17,17,0,7,5,38,53,4,52,14,22,6,5,11,2,6,12,17,27,17,42,0,1,13,17,1,35,2,5,6,4,19,28,10,0,0,0,1,34,33,3,4,15,3,1,0,0,0,6,22,0,0,0,0,19,0,10,0,5,0,18,4,9,42,0,17,10,27,0,7,2,45,1,26,1,3,45,11,26,3,1,14,0,3,0,21,9,14,75,48,22,28,23,3,0,38,91,6,11,34,0,15,39
-21.500,7,16,3,5,2,8,6,6,8,3,14,10,43,14,4,9,64,8,12,0,16,9,0,0,0,1,0,0,10,3,25,0,6,5,21,45,2,30,20,20,7,1,8,2,2,20,16,36,19,29,0,1,20,17,0,16,2,17,6,4,13,17,8,0,6,0,3,27,33,6,3,8,2,3,0,0,0,7,19,0,0,0,0,14,0,9,0,9,0,11,6,3,33,0,8,12,29,0,5,3,28,4,17,7,2,26,17,22,9,0,19,0,1,0,29,4,15,47,58,19,27,32,2,5,22,60,9,11,26,0,20,40
-20.500,7,13,2,1,1,21,10,4,7,3,5,16,83,12,3,7,70,10,13,0,15,7,0,0,0,1,0,0,14,5,18,0,8,8,14,33,38,24,19,12,9,3,11,5,1,9,24,36,14,18,0,4,31,13,2,13,0,30,4,5,8,10,8,0,3,0,1,19,34,4,4,10,1,2,0,0,0,6,27,0,0,0,0,12,0,8,0,14,0,13,3,7,32,0,9,1,20,0,8,2,10,2,27,0,1,21,7,21,4,3,11,0,4,0,29,5,11,42,27,22,35,28,5,2,17,45,7,13,16,0,12,44
-19.500,3,9,3,4,3,24,10,3,13,2,5,12,71,16,3,8,47,9,12,0,13,8,0,0,0,2,0,0,22,4,18,0,8,8,9,36,18,18,21,13,0,5,18,5,5,18,29,60,13,11,0,5,16,5,2,14,0,15,6,2,7,6,7,0,5,0,3,17,36,6,3,9,0,0,0,0,0,7,14,2,0,0,0,11,0,8,0,16,0,17,2,3,20,0,11,0,16,0,6,1,16,2,17,0,0,22,8,28,2,1,11,0,1,0,41,3,9,36,5,20,29,37,2,0,12,35,9,10,15,0,19,57
-18.500,11,10,1,2,3,35,4,11,9,1,5,12,58,13,2,9,42,12,16,0,13,7,0,0,0,0,0,0,30,3,11,0,8,8,16,28,15,15,13,8,10,6,8,6,3,11,44,59,11,10,0,3,21,8,1,10,0,14,8,4,7,5,9,0,0,0,0,14,40,7,2,8,0,0,0,0,0,3,8,0,0,0,0,7,0,9,0,19,0,9,5,2,28,0,10,0,13,0,2,1,11,2,52,0,1,24,8,21,3,3,6,0,3,0,51,4,13,34,4,26,18,32,2,0,9,34,5,14,16,0,16,54
-17.500,10,5,2,0,1,21,10,2,6,2,2,12,54,15,5,6,35,10,7,0,15,5,0,0,0,0,0,0,14,3,15,0,13,6,12,25,12,14,10,13,5,0,14,4,0,17,67,62,14,9,0,3,19,11,0,4,0,15,3,4,3,2,6,0,2,0,2,14,55,11,3,9,0,0,0,0,0,10,3,0,0,0,0,4,0,6,0,14,0,11,5,4,17,0,7,0,10,0,8,3,9,4,50,0,7,11,4,19,8,4,8,0,3,0,36,0,13,30,0,25,18,34,3,4,7,29,12,14,12,0,14,62
-16.500,12,9,0,4,2,12,6,2,11,3,4,8,62,2,4,10,32,12,9,0,14,6,2,0,0,0,0,0,10,3,19,0,16,4,7,25,12,10,16,12,5,4,15,3,3,11,131,31,12,7,0,3,20,50,3,13,0,9,3,2,3,2,9,0,2,0,2,12,47,9,2,12,0,0,0,0,0,2,4,2,0,0,0,2,0,5,0,13,0,8,1,1,20,0,7,0,13,0,4,1,12,1,27,0,8,21,4,28,0,25,5,0,2,0,39,0,9,39,3,41,13,27,3,2,4,28,6,15,11,0,14,63
-15.500,9,6,1,1,1,13,9,0,13,0,4,17,43,0,8,6,36,13,7,0,14,5,3,0,0,1,0,0,8,4,1,0,23,4,9,23,10,8,10,16,5,3,21,6,0,14,93,25,10,6,0,2,16,2,2,9,0,9,8,5,0,2,7,0,0,0,0,16,35,3,4,11,0,0,0,0,0,3,2,1,0,0,0,0,0,1,0,10,0,15,4,2,16,0,9,0,7,3,2,1,17,1,18,0,8,10,7,23,1,9,3,0,2,0,34,0,10,35,2,32,14,25,2,0,0,18,9,11,17,0,13,47
-14.500,13,6,0,1,4,9,7,0,11,1,3,8,29,0,14,10,26,15,12,0,18,0,7,0,0,0,0,0,7,3,0,0,17,0,14,16,10,9,7,9,7,6,53,10,0,16,43,27,10,5,0,2,23,3,0,4,0,11,6,2,0,0,9,0,1,0,2,15,30,4,1,13,0,0,0,0,0,9,2,1,4,0,0,0,0,10,0,11,0,8,3,3,14,0,6,0,11,7,4,2,8,2,19,0,7,17,2,23,8,0,3,0,2,0,38,0,11,14,0,23,7,27,4,0,0,24,11,19,8,0,10,45
-13.500,9,5,0,3,2,9,9,5,12,2,4,10,23,0,19,8,25,12,9,0,17,0,15,0,0,0,0,0,1,2,3,0,24,0,4,11,8,3,4,13,3,4,102,5,0,14,14,24,9,3,0,0,36,1,2,12,0,11,7,2,0,0,5,0,2,0,0,14,15,3,3,12,0,0,0,0,0,1,3,1,5,0,0,0,0,2,0,15,0,5,2,0,15,0,11,0,7,8,5,1,8,3,14,0,8,14,2,19,1,0,2,0,4,0,41,0,11,22,0,29,10,21,4,3,0,23,10,13,18,0,13,36
-12.500,9,2,0,2,1,7,4,2,16,2,2,5,19,0,10,12,22,17,22,0,29,0,11,0,0,0,0,0,2,6,1,0,26,0,4,9,11,6,10,35,3,2,74,9,0,4,16,26,9,2,0,0,29,2,2,2,0,7,16,5,0,0,8,0,0,0,0,19,11,1,2,6,0,0,0,0,0,7,0,1,9,0,0,0,0,1,0,20,0,16,2,0,16,0,0,0,6,10,2,1,3,0,17,0,8,8,3,20,1,0,5,0,3,0,25,0,8,9,0,23,8,18,2,1,0,17,12,16,15,0,16,40
-11.500,7,10,0,3,2,8,8,1,14,1,3,14,19,0,7,8,24,14,46,0,27,0,7,0,0,0,0,0,0,5,1,0,34,0,9,18,7,6,4,23,7,3,47,13,0,0,9,28,10,3,0,0,15,2,1,10,0,10,8,2,0,0,8,0,0,0,0,21,10,3,1,9,0,0,0,0,0,7,3,3,7,0,0,0,0,2,0,7,0,8,2,9,8,0,8,0,6,13,2,1,4,1,13,0,5,13,3,20,3,0,3,0,2,0,3,0,11,20,0,23,6,23,4,2,0,26,14,9,17,0,2,30
-10.500,8,2,0,7,4,6,5,0,23,1,4,7,11,0,4,11,24,18,25,0,30,0,9,0,0,0,0,0,0,8,1,0,37,0,7,6,8,3,3,18,1,4,28,13,0,0,9,16,9,0,0,0,11,1,0,3,0,11,21,4,0,0,7,0,0,0,0,29,1,0,3,10,0,0,0,0,0,0,2,1,9,0,0,8,0,8,0,0,0,7,0,12,15,0,5,0,8,13,4,2,4,1,14,0,7,10,1,15,5,0,2,0,2,0,0,0,10,13,0,25,5,20,3,0,0,18,13,8,22,0,2,36
-9.500,6,0,0,36,1,12,8,0,22,1,4,7,0,0,9,16,21,16,28,0,19,0,0,0,0,0,0,0,0,6,0,0,52,5,5,6,12,3,5,13,6,8,30,19,0,0,8,12,12,2,0,0,2,1,3,8,0,11,12,4,16,0,9,0,0,0,0,40,2,0,1,21,0,0,0,0,0,7,0,0,8,0,0,8,0,0,0,0,0,10,4,10,10,2,6,0,5,17,2,1,2,1,15,0,5,11,3,11,1,0,2,0,3,0,0,0,12,8,0,22,6,22,4,0,0,15,16,5,42,0,2,27
-8.500,6,6,0,38,2,6,7,0,24,3,2,3,0,0,0,14,18,16,23,0,16,0,8,0,0,0,0,0,0,6,0,0,67,0,5,6,8,3,7,8,2,3,20,13,0,0,9,8,13,2,0,0,9,0,2,4,0,15,18,3,24,0,6,0,0,0,0,26,5,0,3,37,0,0,0,0,0,5,3,4,8,0,0,5,0,0,0,0,0,10,0,10,11,9,3,0,7,24,0,1,2,2,16,0,8,13,5,15,4,0,4,0,2,0,0,0,21,16,0,28,0,23,4,3,0,30,23,9,8,6,3,28
-7.500,7,0,0,54,2,2,10,0,27,0,3,9,0,0,7,9,23,22,28,0,11,0,2,0,0,0,0,0,0,8,0,0,85,0,5,12,8,1,3,6,4,5,17,19,0,0,9,6,9,0,0,0,8,0,0,7,0,16,14,5,5,0,8,0,0,0,0,23,2,0,0,47,0,0,0,0,0,4,1,1,7,0,0,3,0,1,0,0,0,8,2,11,8,6,4,0,7,28,1,1,3,0,13,0,3,7,5,5,1,0,2,0,4,0,0,0,9,6,0,26,2,24,4,1,0,13,15,14,2,25,1,26
-6.500,4,0,0,23,3,1,3,0,31,0,3,11,0,0,0,10,13,19,30,0,13,0,6,0,0,0,0,0,0,7,0,0,30,0,6,5,10,2,6,6,3,4,18,18,0,0,9,6,22,1,0,0,1,2,2,5,0,19,18,4,0,0,6,0,0,0,0,18,3,0,3,29,0,0,0,4,0,6,0,1,8,0,0,1,0,3,0,0,0,11,2,5,12,8,5,0,5,13,2,2,0,0,17,0,3,6,6,6,1,0,2,11,2,0,1,0,10,17,0,32,5,30,3,1,0,29,19,17,1,9,2,17
-5.500,6,0,0,12,3,2,4,4,41,0,1,6,0,0,0,9,1,20,22,0,10,0,2,0,0,0,0,0,0,5,0,0,25,0,8,4,13,0,6,9,3,6,14,19,0,0,11,6,19,2,0,0,7,1,2,6,0,16,19,5,0,0,4,0,0,0,0,24,3,0,1,19,0,0,0,4,0,2,3,3,10,0,0,2,0,4,0,0,0,6,0,7,10,7,3,0,6,13,2,1,2,0,17,0,7,10,4,5,5,0,1,10,3,0,0,0,9,12,0,29,2,26,4,0,0,19,15,10,1,7,4,18
-4.500,5,0,0,12,1,4,3,2,25,2,1,3,0,0,2,9,2,19,27,0,10,0,7,0,0,0,0,3,0,5,0,0,25,4,8,11,5,0,4,6,3,9,13,17,0,0,11,6,15,0,0,0,2,0,1,13,0,13,17,9,0,0,3,0,0,0,0,17,8,0,2,6,0,0,0,5,0,7,0,1,7,0,0,0,0,0,0,0,0,11,2,7,8,4,5,0,4,11,0,1,2,0,20,0,4,9,5,11,2,0,3,10,1,0,0,0,2,5,0,24,1,38,5,0,0,25,17,13,1,6,1,22
-3.500,4,0,0,5,5,3,1,3,14,2,3,1,2,0,4,7,1,19,9,0,13,0,2,0,0,0,0,2,0,5,3,0,42,1,9,3,2,0,9,5,3,8,17,16,0,0,10,3,6,1,0,0,5,0,0,10,0,20,21,6,0,0,2,0,0,0,0,15,31,0,1,8,0,0,0,7,0,7,0,4,10,0,0,0,0,0,0,0,0,14,2,4,8,8,3,0,6,12,1,1,1,1,19,0,3,5,10,2,1,0,2,9,4,0,0,0,16,20,0,38,2,25,3,2,0,26,25,22,0,4,3,18
-2.500,6,0,0,3,0,2,1,0,7,0,0,11,7,0,0,5,3,22,14,0,10,0,5,0,0,0,0,6,0,3,1,0,30,0,19,4,2,0,7,3,2,11,6,13,0,0,5,6,14,2,0,0,4,0,4,12,0,15,23,12,0,0,0,0,0,0,0,21,32,0,2,4,0,0,0,6,0,4,2,2,8,0,0,0,0,0,0,0,0,7,0,6,9,4,1,0,4,12,4,2,0,3,28,0,6,8,2,9,3,0,2,6,2,0,0,0,1,11,0,28,4,27,6,2,0,27,39,17,0,20,2,30
-1.500,4,0,0,1,3,2,1,4,11,0,0,10,3,0,0,3,2,23,14,0,9,0,3,0,0,0,0,0,0,4,0,0,29,0,8,7,1,0,12,3,4,14,13,13,0,0,14,3,14,0,0,0,1,2,1,13,0,19,19,7,0,0,1,0,0,0,0,14,20,0,0,6,0,0,0,7,0,5,0,1,12,0,0,0,0,2,0,0,0,9,2,10,10,7,5,0,5,10,0,1,1,0,30,0,4,10,6,10,2,0,1,7,2,0,0,0,2,12,0,30,0,27,3,1,0,30,19,19,0,24,6,18
-0.500,5,0,0,0,5,3,9,5,4,0,0,1,0,0,5,3,2,18,1,0,13,0,3,0,0,0,0,0,0,4,1,0,35,0,10,5,4,0,5,7,3,24,10,11,0,0,11,2,19,3,0,0,5,0,0,14,0,15,15,6,0,0,0,0,0,0,0,19,24,0,0,4,2,0,0,6,0,3,0,4,6,0,0,0,0,2,0,0,0,9,2,5,14,5,4,0,2,13,0,1,2,0,39,0,3,6,3,5,4,0,2,5,1,0,0,0,9,21,0,32,1,32,5,1,0,41,15,20,0,16,5,17
0.500,4,0,0,0,2,3,1,4,6,3,0,1,0,0,0,4,1,14,4,0,11,0,5,0,0,0,0,1,0,3,0,0,23,9,7,6,1,0,6,6,2,15,6,12,0,0,10,7,3,0,0,0,3,1,4,13,0,22,14,5,0,0,0,0,0,0,0,10,24,0,0,2,1,0,0,4,0,10,0,1,7,0,0,0,2,3,0,0,0,13,0,9,15,2,1,0,2,10,1,1,0,0,34,0,4,6,8,4,4,0,4,7,1,0,0,0,2,10,0,46,2,33,3,0,0,40,12,36,0,27,1,7
1.500,4,0,0,2,3,3,3,7,4,0,0,6,0,0,0,3,1,20,3,0,9,0,4,0,0,0,0,2,0,3,1,0,27,6,9,6,2,0,5,3,2,19,11,9,0,0,11,1,4,0,0,0,3,0,2,18,0,19,8,5,0,1,0,0,0,0,0,13,20,15,0,4,5,0,0,8,0,5,0,4,6,0,0,0,0,0,0,0,0,9,2,10,19,8,2,0,5,14,3,3,0,0,38,0,3,14,6,2,0,0,2,3,1,2,0,0,6,10,0,51,1,35,3,3,0,55,13,29,0,48,9,14
2.500,6,0,0,3,3,4,2,8,2,0,0,5,0,0,0,1,5,18,6,0,13,0,5,0,0,0,0,2,0,3,0,0,29,4,9,0,0,0,3,3,4,23,6,10,0,0,11,1,2,3,0,0,3,0,0,26,0,11,5,7,0,0,0,0,0,0,0,17,14,15,0,3,5,0,0,1,0,6,0,3,5,0,0,0,2,0,0,0,0,11,2,8,26,3,3,0,1,14,0,1,0,0,27,0,3,6,5,6,4,0,1,3,2,1,0,0,3,19,0,52,1,32,5,1,0,42,9,20,0,41,4,9
3.500,3,0,0,5,2,3,1,5,2,0,1,3,0,0,3,4,1,8,5,0,10,0,6,0,0,0,0,2,0,3,0,0,24,7,9,0,3,0,4,0,2,24,8,11,0,0,12,9,0,0,0,0,3,2,4,17,0,13,2,2,0,0,0,0,0,0,0,14,16,15,0,2,8,0,0,5,0,8,0,2,3,0,0,0,6,0,0,0,1,11,0,4,17,5,2,0,5,13,0,1,0,0,17,0,2,7,5,12,2,0,1,4,0,0,0,0,2,9,0,41,0,45,4,1,0,44,5,27,0,57,4,5
4.500,7,0,0,3,6,6,9,18,5,1,2,5,0,0,1,2,3,11,1,0,10,0,5,0,0,0,0,0,0,2,0,0,22,4,4,0,2,0,5,9,2,23,6,9,0,0,11,1,0,3,0,0,5,0,3,16,0,11,2,6,0,0,0,0,0,0,0,11,10,12,0,2,9,0,0,4,0,9,0,4,7,0,0,0,0,0,0,0,2,12,3,8,18,6,3,0,1,15,4,2,1,0,9,0,1,16,3,9,5,0,6,5,0,0,0,0,6,27,0,42,2,48,5,1,0,39,5,16,0,25,11,12
5.500,4,0,0,5,3,4,5,9,2,0,0,1,0,0,0,0,1,7,3,0,15,0,8,0,0,0,0,2,0,1,0,0,28,5,6,0,2,0,4,3,4,32,5,5,0,0,11,2,0,0,0,0,3,1,1,9,0,13,0,4,0,3,0,0,0,0,0,12,10,13,0,3,12,0,0,3,0,8,0,3,4,0,0,0,0,1,0,0,2,9,1,6,9,4,2,0,3,13,1,2,1,0,5,0,1,6,8,6,2,0,2,3,1,4,0,0,1,26,0,44,1,35,6,2,0,17,2,23,0,15,6,4
6.500,6,0,0,7,4,6,6,18,2,0,0,5,0,0,0,2,4,6,3,4,16,0,6,0,0,0,0,1,0,2,3,0,23,6,4,0,0,0,3,2,2,34,3,9,0,0,13,0,0,2,0,0,3,0,6,12,1,5,0,4,0,4,0,4,0,0,0,15,10,9,0,1,17,0,0,6,0,6,0,4,6,0,0,0,0,2,0,0,3,12,1,10,12,5,2,0,3,16,3,1,0,0,11,0,0,10,5,10,4,0,4,5,0,1,0,0,4,32,0,41,1,17,4,2,0,8,1,22,0,11,15,5
7.500,9,0,0,7,4,5,3,12,4,0,0,2,0,0,0,1,2,4,1,1,14,0,9,0,0,0,0,0,0,2,0,0,28,3,6,0,2,0,3,3,3,72,1,8,0,0,13,8,0,0,0,0,5,2,6,13,13,14,0,4,0,1,0,0,0,0,0,8,13,10,0,2,26,0,0,1,0,12,0,5,4,0,0,2,0,2,0,0,4,16,2,6,6,2,2,0,3,16,3,4,0,0,6,0,0,17,5,9,2,0,5,4,0,1,0,0,2,22,0,43,2,11,3,1,0,11,1,19,0,18,11,11
8.500,2,0,0,4,6,25,6,17,2,0,0,2,0,0,3,0,3,3,3,3,11,0,11,0,0,0,0,0,0,2,1,0,26,7,6,0,1,0,3,8,3,130,2,15,0,0,12,1,0,2,0,0,2,1,3,5,6,7,0,5,0,1,0,5,0,0,0,11,8,8,0,0,29,3,0,7,0,11,0,2,7,0,0,0,0,0,0,0,7,9,1,11,12,7,2,0,2,15,0,2,0,0,5,0,0,16,6,21,2,0,3,2,0,4,0,0,3,34,0,55,1,13,8,1,0,6,0,28,0,15,14,5
9.500,8,0,0,2,4,29,10,28,3,0,0,1,0,0,0,0,4,5,6,4,19,0,9,0,0,0,0,0,0,0,1,0,26,6,4,0,2,0,6,2,2,108,3,9,0,8,14,3,0,0,0,0,7,14,11,10,0,8,0,4,0,5,0,5,0,0,0,8,10,11,0,1,34,4,0,3,0,9,0,7,4,0,3,0,0,0,0,0,10,15,3,7,12,4,4,0,4,20,5,2,0,0,11,0,0,12,4,12,5,0,3,6,0,1,0,0,3,41,0,69,0,10,7,4,0,6,0,21,0,9,19,5
10.500,3,0,0,1,7,42,9,28,3,0,0,5,0,0,0,0,4,3,4,4,31,0,19,0,0,0,0,0,0,4,0,0,29,8,7,0,1,0,2,8,2,46,0,7,0,38,14,4,0,0,0,0,3,22,2,6,0,10,1,3,0,4,0,8,0,0,1,7,5,4,0,0,23,3,0,7,0,17,0,3,5,0,2,0,0,0,0,0,4,18,1,11,12,3,2,0,1,17,1,5,1,0,7,0,0,8,6,17,5,0,5,4,0,3,0,0,0,50,0,57,3,11,6,3,0,9,0,22,0,23,23,6
11.500,8,0,2,0,2,18,8,20,3,0,4,4,0,0,0,0,3,2,3,3,19,0,20,0,0,0,0,0,0,1,1,0,34,12,1,0,1,2,5,5,5,42,1,15,0,20,12,4,0,0,0,0,3,20,12,8,0,6,2,6,0,3,0,12,0,0,3,9,8,9,0,0,24,4,0,2,0,10,0,6,7,0,4,3,0,0,0,0,2,8,3,10,16,7,11,0,4,21,7,1,1,0,4,0,0,13,9,11,4,0,9,4,0,3,2,0,0,33,0,24,1,11,15,2,0,6,0,8,0,22,30,6
12.500,9,0,58,0,7,16,11,23,5,0,0,4,0,0,0,0,6,3,2,6,25,0,20,0,0,0,2,0,0,1,0,0,46,8,4,0,1,4,2,3,2,25,3,20,0,17,10,2,0,0,0,0,8,23,8,9,0,7,3,3,0,5,0,28,0,0,4,4,11,10,0,0,16,5,0,11,0,18,0,3,5,0,4,2,0,1,0,0,3,18,3,14,10,10,2,0,3,22,5,7,0,0,7,0,0,3,16,22,4,0,10,8,0,3,0,0,0,27,0,30,0,11,35,3,0,3,3,7,0,14,35,6
13.500,9,0,32,0,6,6,13,18,2,0,0,1,0,0,2,0,7,1,2,7,23,0,10,0,0,0,24,0,0,3,1,0,32,8,3,0,2,3,6,9,2,27,0,9,0,18,15,2,0,0,0,0,3,19,9,4,0,10,6,3,0,6,0,14,0,0,7,5,7,3,0,0,20,1,0,6,0,16,0,5,5,0,5,0,0,3,0,0,3,16,1,11,7,11,10,0,2,18,4,8,0,0,8,0,0,4,27,11,3,0,8,4,0,6,0,0,0,24,2,29,3,15,16,3,0,8,6,5,0,13,55,5
14.500,5,0,22,0,7,11,16,23,6,0,0,4,0,0,1,0,20,1,1,12,36,0,14,0,0,0,20,0,0,1,2,0,24,7,4,1,10,9,0,12,6,26,0,7,0,12,15,7,0,2,0,0,10,19,20,8,0,8,12,5,0,5,0,10,0,0,9,13,9,8,0,0,22,6,0,11,0,21,0,9,6,0,7,0,0,1,0,0,2,14,3,16,13,14,3,0,0,17,5,10,0,0,3,0,0,4,47,16,8,0,45,4,1,2,3,0,0,19,1,31,1,14,14,3,0,5,6,6,0,15,56,5
15.500,7,0,24,0,7,5,16,27,3,0,0,3,0,0,0,0,13,1,2,9,40,0,16,0,1,0,25,0,0,1,1,0,17,6,4,1,11,10,8,10,3,26,1,19,0,12,11,5,0,1,0,0,5,13,34,7,0,6,22,5,0,10,0,8,0,0,13,8,4,7,0,0,24,5,0,6,0,23,0,5,8,0,8,0,0,0,0,0,2,23,2,20,12,14,9,0,0,15,9,11,1,0,6,0,0,7,30,21,5,0,30,7,0,7,4,0,0,18,0,34,15,10,12,6,0,6,5,6,0,7,15,7
16.500,20,0,21,2,6,12,22,15,7,0,0,3,0,1,0,0,8,0,6,15,27,0,14,0,3,0,21,0,0,3,2,0,12,14,5,0,10,13,0,17,4,23,2,5,0,15,13,3,0,2,0,0,8,22,35,5,0,3,19,2,1,8,0,7,0,0,22,9,9,5,0,0,27,3,0,11,0,31,0,8,5,0,11,5,0,0,0,0,3,18,3,14,9,19,2,0,0,12,18,14,2,0,6,0,0,0,34,15,4,0,24,5,2,4,6,0,0,19,1,28,8,11,15,2,0,3,6,10,0,9,0,4
17.500,26,0,26,1,8,4,26,25,3,0,6,2,0,3,0,0,8,0,0,7,23,0,16,0,5,0,22,0,0,2,1,0,6,16,2,3,10,19,9,23,3,31,0,17,0,14,16,1,1,1,0,0,8,22,43,6,0,10,21,9,2,10,0,6,0,0,29,9,7,3,0,0,26,5,0,11,0,39,0,5,8,0,8,2,0,0,0,0,0,18,2,17,15,16,5,0,0,13,5,0,1,0,3,0,0,0,23,25,8,0,28,7,1,10,9,0,0,7,1,36,1,14,18,8,0,2,10,14,0,16,0,7
18.500,40,0,35,0,7,8,50,20,8,0,0,5,0,4,0,0,7,0,0,6,21,0,18,0,4,0,21,0,0,29,0,0,0,33,3,0,11,18,3,12,3,31,0,13,0,17,6,8,0,3,0,0,9,20,30,8,0,6,19,1,2,16,0,7,0,0,19,9,6,4,0,0,28,5,0,9,0,33,0,9,6,0,5,0,0,1,2,0,2,24,0,15,14,14,5,0,0,11,4,0,0,0,5,0,0,4,25,22,4,0,26,6,2,11,9,0,0,20,1,39,3,17,14,4,0,5,16,13,0,14,0,4
19.500,22,0,24,1,13,5,23,24,6,0,0,4,0,6,2,0,8,0,0,5,13,0,16,0,6,0,20,0,0,31,2,0,0,46,3,3,6,20,6,18,12,25,1,9,0,29,3,7,0,1,0,0,11,12,33,4,0,7,19,6,5,18,0,6,0,0,12,11,11,5,0,0,27,4,0,13,0,29,0,9,7,0,5,0,0,2,18,0,3,24,0,15,20,15,3,0,0,10,6,0,1,0,8,0,0,6,25,37,11,0,23,6,3,6,15,0,0,14,1,39,2,14,15,7,0,2,12,11,0,9,0,4
20.500,13,0,11,0,14,3,12,29,8,0,0,5,0,5,0,0,9,0,9,5,19,0,0,0,7,2,21,0,0,15,8,0,0,37,6,2,12,25,5,15,11,36,1,15,0,36,0,5,4,3,0,0,11,18,23,8,0,3,33,3,4,23,0,3,0,0,14,7,8,1,13,0,17,4,0,14,0,30,0,6,7,0,5,0,0,2,17,0,0,20,0,30,12,10,7,0,0,10,35,0,1,0,5,0,0,2,24,20,9,0,40,8,3,20,13,0,0,9,3,60,2,12,18,12,0,3,15,12,0,13,0,7
21.500,9,0,13,1,8,9,11,55,8,0,0,4,0,5,0,0,10,2,0,6,11,0,0,0,7,2,23,0,0,11,4,6,2,43,4,3,12,39,3,8,47,38,0,22,0,79,0,7,1,4,6,0,13,17,27,5,0,8,48,8,31,12,0,8,0,0,13,12,6,7,12,0,12,2,0,15,0,26,0,12,7,3,6,7,0,0,19,0,0,22,0,5,9,18,3,0,0,9,21,0,2,0,4,0,0,0,27,12,29,0,36,6,5,15,16,0,0,18,1,42,5,15,23,13,0,4,8,18,0,20,0,3
22.500,7,0,11,2,7,2,8,54,7,0,5,8,0,10,0,0,5,15,0,5,13,0,0,0,8,0,23,0,0,12,7,16,3,26,2,2,8,31,8,10,52,26,0,19,0,37,0,7,4,6,7,0,12,11,23,6,0,9,14,7,54,19,0,8,0,0,11,10,8,2,4,0,20,5,0,19,0,18,0,7,10,7,0,1,0,0,15,0,5,46,0,4,11,13,2,0,0,8,17,0,2,0,8,0,2,4,27,11,31,0,33,12,8,21,18,0,0,11,4,39,3,15,34,15,0,3,16,14,0,39,0,6
23.500,6,0,9,1,6,6,7,42,9,0,3,10,0,7,1,0,9,15,1,7,11,0,0,0,9,2,26,0,0,7,4,15,5,20,6,4,12,22,0,1,37,42,1,36,0,17,0,9,4,9,9,0,11,15,17,8,0,2,6,8,69,19,0,9,0,0,11,11,11,5,8,0,51,2,0,21,0,10,0,10,10,6,0,0,0,0,18,0,0,35,0,0,7,13,8,0,0,8,27,0,1,0,7,0,1,6,42,10,20,0,23,5,6,28,22,1,0,16,2,29,4,6,40,20,0,7,6,16,0,38,2,8
24.500,5,0,12,2,4,5,6,30,9,0,0,7,0,11,3,0,8,16,8,4,16,0,0,0,6,4,36,0,0,10,11,14,5,19,5,2,11,27,6,4,44,22,0,29,0,11,0,10,6,5,7,0,15,11,19,4,0,5,2,19,79,16,0,6,0,0,11,12,9,4,0,0,57,5,0,16,0,11,0,7,8,9,11,0,0,2,16,0,0,39,0,3,6,19,5,0,0,6,19,0,2,0,18,0,1,6,24,11,20,0,25,9,2,24,34,6,0,14,5,36,4,8,25,24,0,2,9,19,0,36,4,3
25.500,0,0,6,0,3,7,4,26,11,0,3,6,0,10,2,0,11,19,1,4,12,0,0,0,9,5,31,0,0,4,10,12,9,12,5,4,9,31,0,1,41,27,0,17,0,11,0,12,16,9,9,0,12,19,18,6,0,7,2,73,49,22,0,15,0,0,12,12,0,7,6,0,82,3,0,18,0,8,0,9,13,13,0,17,19,3,15,0,0,53,0,0,10,26,4,0,0,5,19,0,4,0,25,0,0,2,24,10,16,0,35,15,3,27,34,0,1,13,5,26,2,7,27,26,3,4,7,18,0,33,6,6
26.500,0,0,12,1,3,8,6,20,7,0,4,6,0,15,4,0,10,21,4,8,14,0,0,0,6,2,28,0,0,9,12,12,6,20,4,4,16,28,4,1,11,37,0,17,0,11,0,23,13,10,7,0,13,12,14,8,0,8,0,47,44,20,0,29,0,0,9,16,4,6,1,0,65,1,0,20,0,6,0,8,10,14,0,22,19,0,17,0,5,77,0,0,4,9,5,0,0,9,20,0,6,0,19,0,2,4,16,15,19,0,27,9,2,39,20,0,8,22,5,24,2,8,36,23,0,4,12,19,0,40,10,6
27.500,0,0,1,2,3,3,2,19,6,0,2,4,0,13,4,2,10,29,6,3,9,0,0,0,6,3,22,0,0,4,20,17,6,8,9,4,11,41,0,2,9,33,0,13,5,13,0,19,6,11,7,0,15,22,14,5,0,3,0,30,40,22,0,30,0,0,13,10,0,5,0,0,58,2,0,24,0,9,1,6,15,13,8,15,18,0,19,0,0,43,2,0,6,7,6,0,0,2,18,0,5,0,28,0,2,8,14,18,14,1,39,17,1,48,18,2,6,17,14,26,1,6,21,16,6,4,6,18,0,48,16,7
28.500,0,0,12,1,3,1,6,16,6,0,11,7,0,20,3,2,8,39,7,8,13,0,0,0,8,4,16,0,0,4,24,18,11,16,4,4,11,26,0,0,12,27,1,5,7,12,0,90,5,6,8,0,12,12,14,4,0,6,0,22,36,20,0,48,0,40,7,0,0,10,5,0,58,0,0,24,0,8,27,10,19,12,2,12,15,3,13,0,0,40,2,0,9,11,6,0,0,9,25,0,7,0,27,0,1,5,15,10,20,3,15,16,2,83,12,6,4,22,19,20,4,11,15,18,15,5,2,19,0,53,40,4
29.500,0,0,9,2,4,1,1,13,7,0,19,5,0,18,8,13,17,35,7,5,17,0,0,0,5,6,14,0,0,6,29,34,7,14,9,4,20,17,0,1,11,37,0,4,15,13,0,111,3,20,1,0,14,20,8,10,0,8,0,17,26,25,0,31,0,33,16,0,2,7,0,0,40,0,0,26,0,9,22,5,21,13,1,15,18,3,20,0,0,25,0,0,2,16,6,0,0,4,19,0,9,0,32,1,3,3,13,7,17,3,22,20,1,67,12,0,7,21,26,21,1,6,12,14,10,5,3,18,0,57,31,6
30.500,0,0,9,3,1,3,2,12,5,3,26,6,0,25,7,2,10,36,15,20,15,0,0,0,6,3,10,0,0,8,41,49,8,12,7,5,23,19,0,2,30,26,1,5,23,13,0,137,5,13,7,0,14,18,9,3,0,4,6,17,23,31,0,16,0,35,9,0,4,7,2,0,48,0,0,7,2,7,18,8,22,10,5,8,24,0,22,0,5,33,3,0,8,10,7,0,0,2,25,0,7,0,23,0,5,7,16,7,18,9,39,21,8,54,13,2,4,28,20,14,2,11,7,12,0,5,2,14,0,85,22,9
31.500,0,0,10,1,1,0,2,13,5,52,59,8,0,23,2,0,14,37,9,22,22,5,0,0,3,4,5,0,0,19,73,39,12,17,9,5,54,13,0,0,35,29,0,9,36,13,0,89,8,14,8,0,15,22,9,7,0,6,14,16,19,23,0,14,0,58,4,0,5,12,1,0,44,0,0,8,0,4,10,5,21,9,3,12,22,1,20,0,3,26,4,0,3,13,7,0,3,0,26,1,15,2,12,0,8,8,23,5,17,4,55,25,18,67,12,7,3,26,19,17,3,4,25,11,0,5,2,11,0,107,14,2
32.500,0,0,9,3,3,1,0,13,4,5,51,6,0,33,0,0,17,62,15,15,21,13,0,0,6,9,9,0,0,10,153,35,9,35,15,4,63,14,0,0,6,25,1,13,8,13,0,134,7,16,6,0,17,26,8,8,0,7,16,21,9,29,0,17,0,19,26,0,11,11,5,0,40,1,0,8,5,5,14,4,13,8,2,3,21,5,26,0,3,35,4,0,3,10,5,0,13,0,26,3,15,20,17,3,17,7,14,8,24,15,36,31,14,63,12,3,7,48,17,13,2,14,30,15,0,6,2,14,0,95,13,7
33.500,0,0,11,3,2,3,0,13,3,0,41,10,0,37,0,0,26,38,25,23,19,13,0,24,5,4,13,0,0,8,109,32,10,23,17,5,19,11,0,0,0,22,1,12,8,14,0,99,8,18,5,0,15,24,4,5,0,46,12,15,16,27,0,15,2,8,7,0,6,12,1,0,38,1,0,10,4,17,10,2,19,9,1,14,24,0,43,0,5,35,7,2,5,8,7,0,12,0,26,3,20,45,15,0,9,4,4,10,14,19,36,47,11,57,10,3,6,50,35,14,3,5,47,9,0,3,1,15,0,87,15,6
34.500,0,0,4,2,1,0,0,13,4,4,32,7,0,49,3,0,32,17,42,19,10,13,0,30,72,7,8,0,0,7,64,37,7,13,19,9,16,13,0,0,3,33,0,9,4,14,0,45,9,17,2,0,21,31,3,7,0,121,14,15,9,24,0,17,6,4,6,0,7,12,1,0,30,2,0,9,2,13,11,6,20,5,6,9,21,7,39,0,5,35,9,1,4,11,10,0,11,0,33,4,30,4,15,0,6,9,2,45,15,38,29,54,8,37,13,8,7,36,29,9,4,12,33,8,0,0,1,8,0,81,8,5
35.500,0,0,4,7,1,0,0,10,5,5,23,11,0,53,1,0,21,11,33,21,11,14,0,35,158,8,14,0,0,5,39,39,7,10,27,6,6,10,0,0,0,30,1,12,2,14,0,31,5,18,5,0,51,30,7,6,0,73,15,18,9,25,0,17,9,11,20,0,5,14,3,0,30,3,0,9,5,16,12,4,17,8,3,7,17,12,28,0,7,25,16,0,2,10,10,8,12,0,33,8,33,3,19,4,4,12,1,27,13,43,5,64,7,37,10,2,7,32,30,16,3,13,23,14,0,0,23,11,0,96,11,8
36.500,0,0,6,3,2,0,0,16,2,6,18,14,0,70,0,0,20,10,7,31,11,10,0,33,119,9,8,0,0,4,30,35,7,6,33,6,13,11,0,0,0,40,5,19,5,16,0,37,5,17,2,0,29,34,3,6,0,40,15,22,12,24,0,16,7,11,20,0,7,13,1,0,22,1,0,6,5,17,11,3,12,6,3,11,17,2,29,0,6,31,23,0,5,14,8,16,12,0,43,10,44,0,25,0,4,6,0,27,16,64,8,51,11,10,10,11,18,53,26,6,2,13,17,10,4,0,32,10,0,100,13,1
37.500,0,0,1,7,4,1,0,18,3,32,17,13,0,49,1,0,7,2,1,29,11,5,0,37,83,9,12,0,0,4,27,28,7,8,39,4,11,7,0,0,0,44,2,14,5,15,0,38,6,21,1,0,38,31,5,8,0,63,14,23,7,19,0,17,13,14,15,0,5,13,4,0,25,3,0,8,5,16,11,3,17,2,1,9,18,0,27,0,8,29,12,0,2,6,10,19,15,0,25,13,48,2,28,2,0,12,0,23,13,54,6,64,9,10,11,6,6,51,34,9,6,15,8,8,20,0,34,8,0,137,2,12
38.500,0,0,2,9,0,0,0,18,1,38,11,17,0,39,3,0,5,7,0,29,12,6,2,45,66,11,17,0,0,4,20,29,5,5,62,6,10,11,0,0,0,41,4,12,0,18,3,38,5,22,0,0,43,30,26,6,0,78,15,22,4,20,0,14,24,23,32,6,16,10,2,0,23,2,0,8,5,16,10,5,11,8,6,9,14,0,23,0,5,24,8,0,2,13,12,9,13,0,26,16,37,2,36,3,0,10,0,20,17,43,4,47,9,12,14,9,4,56,42,9,3,17,9,13,61,0,34,12,0,147,0,0
39.500,0,0,3,8,1,0,0,20,2,55,8,19,0,32,1,0,8,9,0,23,14,3,13,47,58,11,10,0,0,1,18,25,5,2,98,6,12,3,0,0,0,40,6,11,5,20,2,26,6,30,0,0,45,28,27,6,0,92,19,22,5,15,0,13,48,20,39,42,7,8,3,0,28,3,0,4,17,19,9,4,14,2,3,13,18,0,25,0,18,19,9,2,1,13,13,15,16,0,19,38,37,4,41,0,0,9,0,24,12,40,6,32,11,13,14,8,0,60,48,5,7,0,11,12,42,0,38,4,0,115,0,9
40.500,0,0,2,12,1,0,0,16,6,28,10,22,0,39,0,0,9,2,0,25,83,3,5,55,59,9,19,0,0,4,13,21,5,2,55,3,10,8,0,0,0,44,8,13,4,27,8,32,6,43,0,0,57,27,37,26,0,121,15,20,10,14,0,10,45,24,18,20,7,7,11,0,28,4,0,2,29,22,9,6,17,3,7,15,21,0,25,0,37,21,5,3,1,10,11,8,16,0,16,43,26,3,51,5,0,18,0,27,27,35,5,20,12,15,21,10,0,69,24,7,5,0,13,18,35,0,42,13,0,84,0,2
41.500,0,0,4,12,3,0,0,18,1,18,7,27,0,37,8,0,7,22,0,25,112,2,4,62,50,15,17,0,0,3,3,21,5,0,25,6,12,8,0,0,0,37,12,7,1,22,18,29,17,30,0,0,57,31,23,53,0,139,21,23,4,14,0,11,47,24,24,20,9,7,10,0,25,3,3,1,26,17,7,6,11,55,8,7,10,0,28,0,47,18,6,2,2,19,15,10,16,0,19,31,29,7,55,0,0,8,0,22,28,35,8,7,14,15,12,9,0,88,20,1,6,0,13,18,44,0,38,5,0,42,0,5
42.500,0,0,1,11,2,0,0,14,3,16,4,35,0,41,16,0,8,40,0,24,54,3,0,47,55,16,18,0,3,1,0,21,5,0,51,7,13,5,2,0,0,41,6,2,4,16,10,25,15,24,0,33,44,28,17,34,0,182,21,34,3,14,0,13,47,22,19,16,19,4,17,0,32,4,4,2,29,15,9,9,16,34,26,22,15,0,27,0,54,22,9,1,4,10,18,3,17,0,15,33,24,8,114,16,0,21,0,28,28,37,4,10,12,16,10,11,0,77,11,6,9,0,29,25,7,0,41,10,0,3,0,5
43.500,32,0,2,15,1,0,0,16,1,14,6,45,0,37,8,0,10,37,0,15,45,2,4,35,48,17,15,0,6,2,0,21,6,2,38,4,13,4,0,0,0,39,4,11,1,10,2,27,19,21,0,44,36,28,12,40,0,101,30,34,4,12,0,11,45,26,16,15,8,5,22,0,24,4,8,2,38,14,7,15,12,35,21,20,8,0,27,0,45,16,7,0,1,17,17,8,16,0,13,59,27,4,149,20,0,25,0,27,33,36,6,5,14,16,8,14,7,61,11,3,5,0,32,31,8,0,41,5,0,4,0,6
44.500,68,0,4,12,1,0,0,11,4,8,2,49,0,36,6,0,13,24,0,14,31,2,2,22,61,18,23,0,5,5,0,17,6,0,31,8,10,3,6,2,0,37,4,11,5,12,0,16,15,21,0,31,15,30,22,27,0,58,31,25,5,12,0,8,44,26,21,16,13,6,29,0,25,6,8,3,31,20,6,24,7,32,15,32,12,0,33,0,40,22,9,0,3,21,21,2,15,0,15,85,28,2,130,32,13,22,0,32,33,25,6,5,20,14,6,24,8,47,12,3,10,0,23,34,7,0,40,8,0,3,0,5
45.500,183,0,2,13,2,0,0,8,7,3,1,46,4,31,1,0,15,24,0,14,27,3,2,23,49,19,17,0,5,0,0,22,0,1,23,10,16,2,15,3,0,46,2,7,0,6,0,14,16,19,2,44,15,30,19,32,0,51,44,24,4,11,1,10,44,27,16,12,22,5,15,0,27,4,16,3,23,23,6,62,5,30,18,44,3,0,41,0,37,15,6,6,3,24,12,8,18,0,9,97,27,1,90,22,43,31,0,50,43,28,5,4,18,12,8,32,9,36,9,6,9,0,16,29,4,5,34,6,0,4,0,6
46.500,18,0,3,13,3,0,0,6,9,8,4,60,8,15,2,0,26,21,0,11,15,1,3,35,42,16,24,0,1,0,0,18,0,0,25,14,14,0,7,5,0,47,3,10,5,9,0,12,12,13,30,54,11,30,22,34,2,42,21,16,4,10,4,8,33,30,26,19,71,7,15,0,23,5,21,2,25,24,8,71,0,31,27,114,9,0,41,0,35,23,16,3,2,28,15,3,16,0,19,96,27,0,85,13,85,5,0,60,30,28,7,0,16,16,6,17,9,28,6,5,9,0,16,12,7,0,35,7,0,2,0,4
47.500,5,0,2,8,1,0,0,5,28,7,1,58,9,12,4,2,12,22,0,28,14,4,1,39,52,25,25,0,1,0,0,19,0,0,18,19,14,0,3,9,0,46,0,13,1,3,0,16,8,18,15,56,4,34,22,26,10,33,17,16,1,10,2,10,25,35,21,16,68,3,13,0,26,6,27,5,22,22,4,55,0,33,25,121,7,0,41,0,42,22,14,1,3,38,13,8,14,0,9,83,26,0,57,8,40,9,0,103,26,29,8,3,21,13,5,16,8,21,11,5,14,0,9,4,4,0,37,4,0,2,0,5
48.500,0,0,3,19,3,0,0,11,30,8,1,40,9,11,2,9,6,35,0,33,8,2,3,26,41,28,21,0,0,0,0,17,0,0,25,28,13,0,0,12,0,59,3,20,5,5,0,16,3,12,10,95,7,48,25,34,30,24,9,12,2,9,5,9,34,46,22,18,77,4,5,0,23,10,50,6,26,22,7,52,0,28,31,73,6,0,44,10,48,23,11,0,3,48,17,3,13,0,23,78,27,0,61,7,27,7,0,97,21,25,8,0,22,9,5,15,9,7,4,4,7,0,9,0,5,7,29,6,0,1,0,7
49.500,3,0,4,7,3,0,0,6,8,7,1,28,8,8,3,16,1,25,0,37,9,3,1,19,50,30,26,2,0,3,0,22,0,0,16,41,18,0,0,7,0,59,0,15,1,7,0,8,1,5,5,192,7,52,18,36,18,27,8,11,1,8,6,9,21,73,24,21,129,5,15,0,25,7,66,8,34,24,7,60,0,39,25,58,7,0,18,44,35,25,14,7,3,70,12,14,11,0,12,61,28,0,55,4,19,4,0,11,15,19,6,0,27,15,5,11,6,9,7,3,12,0,7,0,4,0,23,5,0,4,0,7
50.500,0,0,2,13,5,0,0,6,4,6,0,30,6,6,3,13,0,19,0,41,9,4,3,18,47,25,30,0,0,3,0,18,0,8,21,45,16,0,0,6,0,61,0,9,5,3,0,15,1,7,5,63,1,23,24,40,0,23,10,9,2,8,6,10,21,51,33,22,142,3,3,0,28,11,71,9,36,32,6,32,0,32,46,50,6,0,14,58,41,18,15,3,4,88,16,19,13,0,24,58,30,0,27,3,16,7,0,20,11,15,14,0,41,15,2,9,7,8,6,0,15,0,7,1,4,6,19,3,0,1,0,8
51.500,0,0,4,17,1,0,0,3,12,6,0,17,9,6,4,6,0,14,0,51,5,10,1,23,43,25,27,3,0,0,0,21,0,11,16,35,21,0,0,8,0,55,0,5,0,4,0,14,0,6,18,23,3,8,17,42,0,23,10,10,3,6,9,12,22,38,35,27,97,8,7,0,25,9,61,11,39,45,5,27,0,42,63,52,6,0,10,57,53,29,16,2,3,136,13,17,13,0,45,49,23,0,23,7,13,4,0,13,11,18,10,1,33,14,5,7,7,9,4,0,10,0,10,0,5,5,14,10,17,1,0,8
52.500,0,0,2,9,3,0,0,11,6,8,0,32,7,4,3,7,0,18,0,58,7,13,3,10,42,34,33,0,0,0,0,20,0,6,24,24,18,2,0,3,0,55,0,3,4,4,0,0,4,8,11,6,3,6,19,51,0,25,10,7,4,8,12,11,18,39,45,43,105,2,11,0,24,14,61,16,34,62,8,24,0,34,85,44,7,0,11,37,55,17,22,0,4,68,12,23,11,0,39,40,32,0,15,7,10,7,0,8,8,9,49,0,23,12,3,7,25,6,8,0,14,0,9,0,2,7,9,6,27,0,0,5
53.500,0,0,6,12,6,0,0,7,10,8,0,21,10,6,2,7,0,12,0,57,4,15,7,20,42,20,32,4,0,0,0,24,0,5,23,31,22,8,0,8,0,62,0,0,1,3,0,13,1,10,10,12,0,8,17,118,0,26,8,8,3,4,13,10,19,34,43,54,91,2,4,0,32,20,48,20,38,60,17,38,0,40,70,47,7,0,5,27,61,29,32,11,5,45,12,25,15,0,44,46,30,0,13,11,9,6,4,12,7,14,30,0,12,12,4,4,26,8,3,0,13,0,1,0,4,15,15,1,67,0,0,1
54.500,0,0,2,18,4,0,0,3,6,2,0,29,7,3,2,11,0,15,0,79,4,20,20,10,46,19,38,8,0,0,0,27,0,4,27,14,22,11,0,3,0,50,0,0,0,7,0,1,0,9,8,11,0,8,16,124,0,25,9,4,4,5,24,13,17,37,67,51,39,8,6,0,29,29,41,25,40,76,33,27,0,48,62,40,12,0,9,23,31,24,38,14,3,61,15,28,15,0,66,35,36,0,11,32,9,3,33,4,4,6,25,0,8,16,2,7,22,9,4,0,18,0,3,0,4,56,4,6,20,0,0,0
55.500,0,0,3,12,4,0,0,6,17,9,0,26,4,1,1,6,0,10,0,101,3,18,31,17,44,9,39,0,0,0,0,26,0,4,20,22,20,38,0,7,0,46,0,0,4,12,0,12,5,11,8,21,0,2,19,88,0,25,11,7,9,8,29,17,13,40,74,34,28,1,8,0,33,55,38,32,32,86,52,19,0,53,63,52,10,0,0,22,32,29,23,28,6,44,9,37,16,0,3,37,21,0,8,69,6,6,26,8,9,4,25,0,3,18,3,4,26,8,6,0,13,0,2,2,2,29,6,7,10,0,0,0
56.500,0,0,6,13,5,0,0,9,27,4,1,29,7,3,4,8,0,19,0,111,3,25,23,9,26,10,83,0,0,0,0,28,1,4,12,22,31,56,1,10,0,50,0,0,0,25,0,0,2,15,10,13,0,13,15,76,3,29,11,7,10,24,19,16,20,40,72,25,22,8,6,0,32,32,42,25,29,89,44,18,0,39,70,46,8,2,17,17,28,34,17,52,2,44,15,43,4,0,10,44,2,0,13,33,5,3,18,6,2,11,21,0,0,19,2,2,24,9,4,0,14,0,1,0,3,24,9,6,6,0,0,0
57.500,0,0,1,15,9,0,0,6,17,7,5,23,5,3,2,16,0,15,0,99,3,24,13,8,26,5,112,0,0,0,0,37,0,3,18,17,26,60,49,5,0,50,0,0,0,76,0,12,5,22,6,0,0,1,14,65,0,31,9,6,11,27,16,21,15,44,64,22,21,6,4,0,36,26,45,36,26,90,33,15,0,51,64,48,13,6,14,14,27,35,14,48,7,48,11,75,6,0,3,49,19,0,7,32,7,6,15,7,6,6,22,0,0,19,1,2,21,9,4,0,13,0,3,1,4,12,6,1,6,0,0,0
58.500,0,0,8,18,8,13,0,4,13,4,9,24,2,0,3,47,0,10,0,83,1,17,13,18,23,8,90,0,0,0,0,25,2,3,5,20,39,75,19,9,0,12,4,0,0,91,0,6,5,34,7,0,0,5,18,65,0,31,12,12,15,44,8,17,19,39,48,14,18,2,4,0,35,32,36,25,21,103,21,12,0,52,70,56,12,6,1,14,32,36,18,72,5,41,14,49,6,0,10,48,10,0,11,29,17,4,10,5,3,3,31,0,0,25,3,1,20,14,6,0,15,0,3,2,3,8,5,6,5,0,0,0
59.500,0,0,2,17,13,13,0,11,12,7,45,24,8,2,2,41,0,12,0,66,3,14,13,9,17,4,75,0,0,0,0,46,0,2,2,16,75,102,14,10,0,5,6,0,0,87,0,5,7,21,8,0,0,10,14,60,4,42,6,0,24,45,10,14,14,42,65,20,19,9,8,0,26,32,33,37,20,135,22,15,0,76,72,63,15,14,0,15,35,29,14,56,5,34,8,35,7,0,2,84,11,0,4,32,27,4,6,6,4,10,23,0,0,39,0,1,17,16,2,0,10,0,2,1,1,5,5,0,3,0,0,0
60.500,0,0,8,21,15,13,0,8,10,3,69,23,3,2,0,28,0,5,0,61,2,14,12,20,22,6,55,0,0,0,0,66,2,3,12,18,110,149,6,6,8,11,27,0,0,140,0,7,83,16,5,0,0,7,10,63,1,47,19,0,41,45,3,16,24,48,31,11,20,5,4,0,28,36,42,40,18,151,19,12,0,55,72,17,13,20,0,14,27,27,18,59,8,45,13,34,6,0,5,160,9,0,7,26,37,3,3,6,4,3,17,0,0,29,1,0,17,27,2,0,12,0,3,3,5,2,14,5,4,0,0,0
61.500,0,0,14,22,21,13,0,5,10,8,46,20,2,4,4,36,0,10,0,56,2,11,13,12,12,0,59,11,0,0,0,51,2,2,0,17,72,91,0,10,16,4,36,0,0,75,0,4,156,11,4,0,0,15,12,58,1,57,39,0,14,47,6,31,40,45,36,18,16,2,2,0,19,41,28,57,18,146,18,9,0,24,63,27,15,26,0,13,21,29,18,48,8,34,9,26,4,0,5,78,4,0,9,23,59,4,5,5,2,6,16,3,0,7,1,0,18,18,13,0,10,0,5,0,2,0,3,1,2,0,0,0
62.500,0,0,9,28,27,17,0,11,7,3,32,18,7,0,0,27,0,6,0,56,1,8,11,22,13,3,49,13,0,0,0,49,1,1,2,15,54,39,0,5,18,9,35,0,3,37,0,7,47,9,5,0,0,14,16,73,4,54,22,0,14,44,4,37,34,55,17,12,17,14,8,0,28,31,39,65,16,107,8,10,0,15,60,30,11,33,0,17,22,28,22,51,6,40,9,29,7,0,4,39,9,0,7,30,90,2,2,5,2,5,11,13,0,3,3,0,33,18,15,0,11,0,4,3,2,0,5,0,4,0,0,0
63.500,0,0,10,37,42,12,0,13,6,8,21,19,4,5,3,33,0,8,0,70,2,11,12,13,13,0,38,14,0,0,2,45,2,2,4,18,57,15,0,12,16,5,25,0,8,35,0,3,32,16,7,0,0,15,15,78,1,35,22,0,13,40,3,37,30,61,21,12,16,12,9,0,18,28,47,66,16,33,17,7,0,16,83,45,16,17,0,20,17,27,17,55,5,66,13,21,6,0,6,16,7,0,7,20,84,4,2,6,0,4,12,23,0,5,0,0,29,1,107,0,9,0,4,2,1,0,12,4,2,0,0,0
64.500,0,0,13,40,47,17,0,18,9,4,17,12,3,4,1,27,0,6,0,103,0,6,7,13,9,3,38,8,0,0,3,52,3,1,5,13,70,8,0,6,19,7,24,0,6,25,0,7,19,4,3,0,0,20,10,54,3,24,14,0,7,39,40,40,21,90,29,12,16,13,4,0,21,36,53,54,16,10,18,7,0,12,56,53,12,8,0,9,15,29,26,47,8,34,10,24,6,0,1,18,3,0,7,23,113,1,2,9,0,3,8,35,0,2,0,0,25,3,60,0,8,0,4,2,5,0,12,0,5,0,0,0
65.500,0,0,15,41,56,9,0,46,7,5,13,18,4,2,0,31,0,4,0,49,0,12,6,22,7,4,39,13,0,0,3,31,3,2,3,14,55,0,0,8,16,2,18,0,6,31,2,2,18,17,5,0,0,17,16,30,3,21,20,0,7,43,16,52,25,54,17,12,17,25,5,0,18,27,64,21,21,9,14,8,0,8,70,62,16,10,0,4,17,31,21,44,2,32,11,25,6,0,4,21,6,0,3,18,29,3,1,3,0,5,13,11,0,2,0,0,20,0,39,0,13,0,4,3,2,0,15,0,4,0,0,0
66.500,0,0,19,26,35,2,0,22,4,6,13,12,6,4,5,22,0,7,0,31,0,4,10,15,7,2,30,13,0,0,2,24,3,1,4,11,40,6,0,4,21,7,15,0,6,20,7,8,14,10,5,0,0,19,19,24,1,19,10,0,7,40,14,26,19,36,27,10,21,19,4,0,19,25,40,18,12,11,19,7,0,11,50,37,14,15,0,3,16,45,32,49,7,29,10,28,9,0,1,15,8,0,9,27,19,0,1,9,0,1,7,6,0,4,3,0,23,0,35,0,9,0,5,3,2,0,13,0,1,0,0,0
67.500,0,0,28,26,29,0,0,15,6,4,6,9,3,5,0,17,0,3,0,20,0,5,9,19,9,4,22,8,0,0,6,25,4,0,0,10,31,0,0,4,11,2,34,0,5,15,9,5,17,15,3,0,0,15,10,24,29,10,14,0,7,53,12,26,26,32,16,12,22,32,6,0,21,21,41,12,17,9,18,10,0,11,59,27,14,26,0,3,19,29,38,50,5,61,13,20,7,0,0,9,4,0,3,14,18,0,0,7,0,6,8,3,0,2,0,0,17,2,17,0,9,0,5,3,0,0,22,1,8,0,0,0
68.500,0,0,17,37,34,0,0,11,7,7,9,16,3,3,5,21,0,4,0,9,0,6,11,23,5,4,11,15,0,0,4,23,5,2,1,7,23,2,0,3,17,0,18,0,4,10,20,4,6,15,6,0,0,10,21,15,31,10,13,0,6,53,4,26,18,30,12,11,15,41,6,0,16,26,28,10,14,3,48,7,0,4,58,26,19,22,2,2,11,14,35,22,2,70,6,50,6,0,0,15,1,0,5,19,11,0,0,9,0,1,10,7,0,2,0,0,14,0,19,0,11,0,6,4,5,0,26,0,1,0,18,0
69.500,0,0,19,18,29,5,0,11,4,4,4,7,8,2,0,16,0,7,0,9,0,9,9,27,5,4,18,4,0,0,9,18,1,0,7,15,21,0,0,3,13,0,11,0,3,13,32,8,13,21,2,0,0,19,17,6,25,10,12,0,2,37,13,12,19,25,20,9,13,51,4,0,19,15,31,7,22,5,66,13,0,12,55,18,13,29,5,4,12,9,33,13,5,54,15,23,7,0,0,11,9,0,4,20,11,0,0,7,0,4,7,4,0,4,0,0,14,0,19,0,9,0,6,3,2,0,28,0,7,0,11,0
70.500,0,0,15,25,31,0,0,2,3,5,3,12,2,7,4,10,0,2,0,5,0,5,12,33,6,6,13,11,0,0,6,17,0,0,0,43,28,0,0,2,16,2,8,0,3,14,69,7,7,24,6,0,0,10,23,5,28,2,15,0,6,40,3,20,10,28,21,11,8,53,3,0,23,23,13,4,18,7,57,10,0,5,57,17,15,20,6,3,8,9,29,10,4,42,12,12,10,0,0,10,6,0,2,14,9,0,0,8,0,6,10,12,0,1,0,0,15,0,17,0,7,0,11,7,2,0,19,0,9,0,7,0
71.500,0,0,14,18,35,0,0,6,5,9,1,10,3,2,2,15,0,3,0,4,0,5,9,14,5,2,11,5,0,0,6,20,0,0,0,26,21,0,0,1,11,1,4,0,4,7,59,7,11,30,3,0,0,15,21,6,27,6,9,0,4,52,10,21,18,19,15,9,5,36,6,0,22,8,14,3,20,1,44,15,0,1,65,18,27,19,4,4,8,9,30,12,2,39,8,18,8,0,0,16,1,0,4,15,9,0,0,7,0,3,6,28,0,0,0,0,9,0,17,0,10,0,8,5,0,0,15,0,5,0,3,0
72.500,0,0,24,22,32,1,0,3,1,5,4,8,7,4,9,17,0,6,0,4,0,5,6,1,4,8,14,7,0,0,7,18,0,0,0,26,24,0,0,0,15,0,6,0,0,11,70,7,6,29,4,0,0,9,33,2,20,3,12,0,7,43,3,15,6,24,11,0,2,34,6,0,22,17,13,4,21,1,51,8,0,9,57,15,24,15,6,1,13,7,29,8,2,29,11,7,10,0,0,8,0,0,3,14,6,0,0,7,0,7,10,28,0,1,0,0,14,0,20,0,10,0,13,4,0,0,15,0,10,0,6,0
73.500,0,0,10,27,33,5,0,3,2,4,3,6,5,8,15,13,0,1,0,2,0,4,6,0,2,5,8,7,0,0,7,10,0,0,7,13,15,0,4,0,12,0,2,2,7,9,40,10,7,32,3,0,0,11,39,6,11,2,14,0,3,37,0,13,12,18,24,0,5,43,4,0,44,14,10,3,23,1,45,32,0,6,70,14,31,18,4,5,12,3,42,8,2,43,15,14,9,0,0,10,7,0,2,18,8,0,0,8,0,3,11,0,0,2,0,0,12,0,19,0,8,0,17,7,6,0,12,0,14,0,4,0
74.500,0,0,7,18,36,0,0,4,3,9,3,10,4,13,30,12,0,1,0,2,0,7,5,2,7,8,12,5,0,0,5,18,0,0,0,18,9,0,0,0,14,0,3,33,0,7,14,16,13,33,3,0,0,10,30,6,16,2,6,0,1,42,8,15,7,18,15,0,2,39,1,0,19,12,11,0,37,5,47,26,0,2,91,17,38,13,4,0,11,0,56,7,3,30,9,17,10,0,0,13,6,0,2,13,5,0,0,6,0,3,6,0,0,3,0,0,12,0,23,0,7,0,7,9,2,0,10,0,11,0,7,0
75.500,0,0,6,21,33,0,0,4,4,5,3,7,6,8,33,14,0,7,0,1,0,5,5,0,1,7,8,8,5,0,7,15,0,0,0,11,14,0,4,0,9,0,4,31,0,6,13,27,5,32,4,0,0,7,38,4,9,0,15,0,6,32,0,22,12,16,20,0,2,38,5,0,22,9,9,2,65,1,32,35,0,1,71,11,8,14,6,3,11,0,41,7,3,37,14,10,10,0,0,8,2,0,3,11,6,0,0,0,0,1,7,0,0,0,0,0,10,0,21,0,8,0,5,9,0,0,8,0,20,0,1,0
76.500,0,0,7,16,53,7,0,5,2,4,7,7,6,13,47,12,0,1,0,0,0,4,4,2,3,23,9,5,5,0,5,15,0,0,0,14,8,0,3,0,14,0,1,31,7,8,0,12,10,35,3,0,0,7,17,7,11,0,9,0,4,31,0,7,8,14,29,0,2,69,6,0,15,15,11,0,66,1,35,29,0,9,67,16,15,16,5,3,8,0,41,7,4,32,12,15,15,0,0,8,0,0,2,17,4,0,0,0,0,2,9,0,0,0,0,0,12,0,25,0,7,0,5,13,0,0,12,0,22,0,5,0
77.500,0,0,6,22,49,0,0,3,7,11,3,5,5,8,84,18,0,0,0,0,0,8,5,0,3,42,13,2,5,0,5,10,0,0,6,11,6,0,4,0,7,0,3,26,0,5,5,9,11,36,3,0,0,7,20,6,11,0,15,0,3,32,6,15,7,15,40,0,4,68,1,0,18,8,11,0,47,0,30,43,0,3,36,15,23,15,3,1,10,0,20,5,2,33,12,16,14,0,0,12,0,0,2,8,5,0,0,0,0,0,6,0,0,0,0,0,7,0,37,0,7,0,4,18,0,0,7,0,20,0,4,0
78.500,2,0,7,25,40,0,0,2,3,6,1,7,6,13,51,16,0,6,0,0,0,4,1,0,5,33,8,11,5,0,9,17,0,0,1,8,4,0,5,0,13,0,5,12,0,10,1,8,6,29,3,7,0,2,24,9,4,0,8,0,3,26,2,23,8,14,33,0,1,44,3,0,15,8,7,0,34,4,31,34,0,0,47,13,13,17,5,2,11,0,7,10,1,41,28,22,17,0,0,9,11,0,4,9,6,0,0,0,0,0,6,0,0,0,0,0,12,0,29,0,7,0,2,46,7,0,8,0,24,0,3,0
79.500,0,0,8,19,50,6,0,6,9,3,9,6,6,5,46,14,6,0,0,0,0,6,4,2,3,17,6,4,4,0,0,10,0,0,0,10,6,0,5,0,9,0,1,16,0,6,3,5,13,30,1,4,0,10,22,11,13,0,12,0,3,29,0,14,4,16,23,0,2,43,4,0,15,13,14,0,38,1,33,47,9,1,42,14,13,19,11,3,13,9,15,6,2,51,37,36,27,0,0,12,1,0,1,3,3,0,0,0,0,2,9,0,0,0,0,0,9,0,15,0,7,0,5,29,0,0,8,0,17,0,3,0
80.500,1,0,6,18,43,2,0,5,4,11,8,6,9,9,58,7,8,0,0,0,0,4,1,0,3,17,9,5,5,0,7,16,0,0,0,10,4,0,4,0,8,0,3,15,6,8,2,4,9,28,5,6,0,0,23,10,1,0,12,0,4,24,0,14,8,8,24,0,2,43,4,0,16,9,8,0,34,1,32,52,24,2,35,17,25,26,11,2,11,10,7,9,2,35,41,20,36,0,0,9,0,0,1,5,4,0,0,0,0,0,4,0,0,0,0,0,10,0,12,0,11,0,0,19,0,0,6,0,19,0,3,0
81.500,2,0,7,24,41,0,0,2,7,6,7,4,4,7,82,15,7,4,0,0,0,8,2,2,5,18,14,5,6,0,7,7,0,0,0,10,1,0,3,0,0,0,5,6,0,8,2,4,13,29,2,4,0,2,24,6,16,0,10,0,3,30,5,32,5,11,23,0,0,38,0,0,13,7,8,0,30,1,32,46,34,4,42,10,14,29,4,1,10,7,11,6,5,29,50,22,26,0,0,10,0,0,4,8,3,0,0,0,0,0,4,0,0,2,0,0,3,0,10,0,9,0,0,11,0,0,5,0,17,0,3,0
82.500,1,0,8,20,48,6,0,6,6,5,7,4,6,7,73,6,6,2,0,0,0,8,0,1,4,4,15,6,5,0,7,12,0,0,5,7,0,0,5,0,0,0,1,8,0,7,1,6,10,26,2,5,0,7,9,5,33,0,13,0,3,21,3,23,8,14,18,0,4,38,5,0,15,9,12,0,34,4,48,35,36,8,37,18,25,24,7,4,11,10,9,8,4,32,128,23,25,0,0,13,6,0,1,5,4,0,0,0,0,0,9,0,0,0,0,0,7,0,6,0,11,0,1,13,3,0,4,0,12,0,1,0
83.500,2,0,6,21,46,2,0,5,8,13,20,3,10,5,62,6,5,0,0,0,0,7,0,0,7,7,10,4,4,0,7,12,0,0,3,4,2,0,5,0,0,0,4,9,0,11,3,1,14,26,3,7,0,1,7,4,31,0,17,0,7,19,0,39,2,12,9,0,2,39,3,16,16,10,8,0,37,1,43,37,72,3,30,14,16,29,9,1,8,8,12,10,2,15,133,15,22,0,0,11,4,0,1,5,2,0,0,0,0,0,3,0,0,0,0,0,4,0,6,0,13,0,5,12,1,0,1,0,19,0,5,0
84.500,1,0,7,26,49,7,0,6,8,6,9,4,11,8,58,12,4,7,0,0,0,6,0,2,6,7,11,5,8,0,11,15,0,0,0,7,2,0,3,0,0,0,4,9,4,11,2,3,14,26,3,10,0,0,5,2,39,0,8,0,6,15,0,39,6,9,8,0,1,49,2,18,14,6,8,0,27,1,28,33,62,3,37,19,23,44,11,2,12,11,8,9,4,16,182,22,19,0,0,11,0,0,3,1,4,0,0,0,0,0,3,0,0,0,0,0,3,0,3,0,20,0,0,7,0,0,0,0,25,0,2,0
85.500,3,0,6,18,44,1,0,5,8,8,16,2,14,6,43,7,5,1,0,4,0,12,0,1,6,5,11,6,2,0,13,9,0,0,0,4,2,2,4,0,0,0,6,7,2,10,1,5,20,25,2,13,0,5,6,1,29,0,15,0,10,14,0,9,5,12,8,0,2,68,3,18,11,11,14,0,43,3,31,26,33,5,11,16,22,40,14,3,9,11,9,8,5,21,144,21,21,0,0,10,0,0,2,3,3,0,0,0,0,0,6,0,0,0,0,0,2,0,1,0,25,0,0,6,0,0,0,0,6,0,2,0
86.500,2,0,6,29,55,7,1,6,9,13,25,4,15,7,33,7,3,4,0,9,0,10,0,1,11,6,19,8,6,0,7,11,0,0,0,7,0,1,5,0,0,0,7,3,0,17,3,5,23,24,3,8,0,2,5,0,32,0,17,0,9,15,7,22,9,14,11,0,0,73,3,19,12,5,8,0,51,3,32,37,13,10,5,18,22,32,10,2,14,11,9,12,2,14,87,16,18,0,0,13,2,0,1,3,4,0,0,0,0,0,6,0,0,0,0,0,3,0,2,0,35,0,0,9,0,0,0,0,6,0,1,0
87.500,2,0,8,21,57,17,2,5,7,8,10,2,13,4,28,6,3,2,0,2,0,11,0,3,9,5,17,4,9,0,7,7,0,0,0,4,1,3,2,0,0,0,8,6,0,18,2,2,69,25,4,6,0,0,6,0,37,0,15,0,14,17,1,19,1,13,4,0,3,19,2,23,12,14,11,0,51,1,42,32,9,31,8,19,12,27,13,3,7,8,7,17,5,11,62,19,5,0,0,16,5,0,3,1,0,0,0,0,0,0,2,0,0,0,0,0,3,0,2,0,38,0,0,5,0,0,2,0,10,0,6,0
88.500,3,0,4,32,52,29,5,8,8,12,29,4,20,8,28,9,2,5,6,5,0,13,0,2,11,8,13,6,4,0,5,14,0,0,6,5,1,2,4,0,0,0,0,3,0,25,2,3,118,26,11,4,0,2,6,0,30,0,16,0,22,13,0,22,6,16,7,0,2,11,2,21,9,4,11,0,29,4,14,32,8,19,8,14,20,31,9,3,8,9,9,16,3,12,47,23,8,0,0,22,2,0,1,4,6,0,0,0,0,0,4,0,0,0,6,0,1,0,2,0,48,0,0,7,0,0,6,0,3,0,2,0
89.500,7,0,6,31,39,28,5,5,9,10,25,1,19,6,27,6,2,3,10,2,0,16,0,2,11,4,21,8,7,0,3,8,0,0,2,6,0,3,5,0,0,0,0,5,4,16,1,3,72,36,8,4,0,3,9,0,32,0,16,1,21,16,0,27,3,11,10,0,2,15,4,21,8,12,13,0,19,3,4,31,6,17,6,17,12,29,15,1,6,11,5,23,6,20,42,9,4,0,0,21,0,0,3,2,0,0,0,0,0,0,6,0,0,0,28,0,2,0,0,0,85,0,0,2,0,0,7,0,5,0,2,0
